Current,Voltage,SOC,Temperature,Time
0.0,2.0198898,0.0,38.118961,0.0
0.24150848181818182,2.0306396,4.37615e-07,38.118961,0.0023299999999532397
0.5595710090909091,2.0508862,4.37615e-07,38.118961,0.0027083333333090803
0.7207939818181818,2.0633497,4.37615e-07,38.118961,0.0029366666665737286
0.8811465181818181,2.0780277,4.37615e-07,38.118961,0.0031433333333552582
1.0420955454545453,2.0951633,4.37615e-07,38.118961,0.003321666666670353
1.2816654545454544,2.1229095,4.37615e-07,38.118961,0.0036983333332803645
1.2816654545454544,2.1229095,4.37615e-07,38.159195,0.0036999999999049273
1.4414666363636361,2.1441555,4.37615e-07,38.159195,0.003911666666681413
1.6004284545454546,2.166296,4.37615e-07,38.159195,0.004106666666605936
1.761661909090909,2.1904116,4.37615e-07,38.159195,0.004283333333296469
1.9221184545454546,2.214591,4.37615e-07,38.159195,0.004496666666576251
2.0004758181818176,2.2273054,4.37615e-07,38.159195,0.004694999999992433
2.161306909090909,2.2533836,4.37615e-07,38.159195,0.004871666666682965
2.319204181818182,2.2805462,4.37615e-07,38.159195,0.005071666666602444
2.4805936363636363,2.3080177,4.37615e-07,38.159195,0.005276666666638145
2.6407761818181816,2.3361101,4.37615e-07,38.159195,0.005456666666577803
2.8018015454545453,2.3646793,4.37615e-07,38.159195,0.005669999999978851
2.8799472727272724,2.3789186,4.37615e-07,38.159195,0.005868333333273768
3.0411217272727273,2.4074345,4.37615e-07,38.159195,0.006046666666588862
3.199601636363636,2.4361172,4.37615e-07,38.159195,0.006273333333350214
3.3601413636363633,2.4642725,4.37615e-07,38.159195,0.006485000000005433
3.5205909999999996,2.4913521,4.37615e-07,38.159195,0.006679999999929956
3.6825214545454545,2.5169992,4.37615e-07,38.159195,0.006858333333245052
3.832945363636363,2.5413752,4.37615e-07,38.159195,0.0070700000000215365
3.920520454545454,2.5521946,4.37615e-07,38.159195,0.0072683333333164535
4.081601272727272,2.5737333,4.37615e-07,38.159195,0.007446666666631548
4.240455636363636,2.5921679,4.37615e-07,38.159195,0.007658333333286767
4.398928545454544,2.609231,4.37615e-07,38.159195,0.007853333333332557
4.556534545454545,2.6243181,4.37615e-07,38.159195,0.00803000000002309
4.719838272727273,2.6380472,4.37615e-07,38.159195,0.008243333333302872
4.962713090909091,2.6572609,4.37615e-07,38.159195,0.008619999999912883
5.123322181818182,2.6684761,4.37615e-07,38.159195,0.008816666666583236
5.280522454545454,2.6790791,4.37615e-07,38.159195,0.009021666666618937
5.523785636363636,2.6936817,4.37615e-07,38.159195,0.009399999999974777
5.68215109090909,2.7038803,4.37615e-07,38.159195,0.009578333333289871
5.921495636363636,2.7155313,4.37615e-07,38.159195,0.009804999999929957
6.161433090909091,2.7283554,4.37615e-07,38.159195,0.010210000000006403
6.48398309090909,2.7440577,4.37615e-07,38.159195,0.010586666666616415
6.802305727272726,2.758687,4.37615e-07,38.159195,0.010978333333332558
7.042468636363635,2.7693367,4.37615e-07,38.159195,0.011351666666572176
7.362289454545453,2.7830963,4.37615e-07,38.159195,0.011756666666648622
7.750216363636363,2.8004751,4.37615e-07,38.159195,0.012309999999949165
7.921652363636364,2.8112125,4.37615e-07,38.159195,0.01310666666662049
7.923968909090909,2.823081,0.0009943561818181819,38.159195,0.014758333333278036
8.001844272727272,2.8357391,0.0009943561818181819,38.159195,0.016666666666666666
8.002073090909091,2.8461695,0.0009943561818181819,38.159195,0.0186033333332792
8.002607181818181,2.8561888,0.0009943561818181819,38.159195,0.02048333333332266
8.002083545454544,2.8665371,0.0009943561818181819,38.159195,0.022671666666671322
8.00361290909091,2.8768129,0.0009943561818181819,38.159195,0.024781666666603995
8.001757545454545,2.8872347,0.0009943561818181819,38.159195,0.027030000000013387
8.000824636363635,2.89816,0.0009943561818181819,38.159195,0.02943000000001727
8.003973545454546,2.9082584,0.0032746871818181817,38.159195,0.031843333333260185
8.00325918181818,2.918479,0.0032746871818181817,38.159195,0.034309999999944316
8.000779545454543,2.9290962,0.0032746871818181817,38.159195,0.036951666666573145
8.001445454545452,2.939579,0.0032746871818181817,38.159195,0.039714999999948
7.998133545454544,2.9496641,0.0032746871818181817,38.159195,0.042498333333302676
8.002596727272726,2.9603758,0.0032746871818181817,38.159195,0.045496666666682964
8.00077609090909,2.9704266,0.005486849727272727,38.159195,0.04847166666659177
8.00233318181818,2.980691,0.005486849727272727,38.159195,0.0516299999999319
8.00233318181818,2.980691,0.005486849727272727,38.083294,0.05163166666667773
8.00353309090909,2.9909258,0.005486849727272727,38.083294,0.05499166666668316
8.000883636363636,3.0015249,0.005486849727272727,38.083294,0.05833999999995285
8.007472636363635,3.0126972,0.005486849727272727,38.083294,0.06224333333326892
8.001958636363636,3.0227022,0.007819838181818181,38.083294,0.06597666666663524
8.00169509090909,3.0331602,0.007819838181818181,38.083294,0.0699249999999059
8.000460545454546,3.0436974,0.007819838181818181,38.083294,0.07396333333332829
8.000290636363635,3.0543451,0.007819838181818181,38.083294,0.07822500000002038
8.00131018181818,3.0645409,0.010030134545454544,38.083294,0.0824966666665811
8.005679727272726,3.0749311,0.010030134545454544,38.083294,0.08698999999990822
8.000689454545453,3.0857487,0.010030134545454544,38.083294,0.09163166666658071
8.002291636363635,3.095993,0.010030134545454544,38.083294,0.09663166666662922
8.00126509090909,3.1064177,0.012578573636363635,38.083294,0.10160333333333256
8.00126509090909,3.1064177,0.012578573636363635,38.023434,0.10160499999995712
8.002246545454545,3.116581,0.012578573636363635,38.023434,0.10660500000000563
7.9987855454545445,3.126586,0.012578573636363635,38.023434,0.1114699999999478
8.000998090909091,3.1370125,0.014692377272727273,38.023434,0.11749499999993228
8.000089454545453,3.1470222,0.014692377272727273,38.023434,0.12293833333327105
8.000335727272727,3.1572113,0.014692377272727273,38.023434,0.12873833333324
8.001074363636363,3.1674366,0.01701651,38.023434,0.13488333333334596
8.007559363636362,3.177494,0.01701651,38.023434,0.14101666666659488
8.000411999999999,3.1877565,0.018623340909090905,38.023434,0.14693666666668528
8.000411999999999,3.1877565,0.018623340909090905,38.072758,0.14693833333330986
7.999940363636362,3.1980095,0.018623340909090905,38.072758,0.15444000000000718
8.001771363636363,3.2082653,0.018623340909090905,38.072758,0.16115500000002309
7.998421363636362,3.2182932,0.021475277272727272,38.072758,0.16840999999997924
8.000720636363637,3.2284336,0.021475277272727272,38.072758,0.17583166666663602
7.999968090909091,3.2385921,0.023445375454545454,38.072758,0.18318499999998797
8.001518272727273,3.2487068,0.023445375454545454,38.072758,0.19072333333327454
7.999586636363635,3.2587318,0.02558622636363636,38.072758,0.19915000000000874
7.999586636363635,3.2587318,0.02558622636363636,38.016483,0.19915166666663328
8.002704272727271,3.2688284,0.02558622636363636,38.016483,0.20696833333325534
8.001036181818181,3.2788467,0.027919229090909086,38.016483,0.21673833333334186
8.000016636363636,3.2891493,0.027919229090909086,38.016483,0.22596666666662107
8.000512545454546,3.2992058,0.030366724545454544,38.016483,0.23508500000001126
7.999468727272727,3.3092728,0.030366724545454544,38.004166,0.24529833333326678
7.999642090909091,3.3195238,0.033041157272727266,38.004166,0.2551616666666329
8.001091727272726,3.3297148,0.03454544363636363,38.004166,0.26647666666661585
8.001455818181817,3.3397522,0.03454544363636363,38.004166,0.27632333333325126
8.003238363636363,3.349926,0.03746301272727272,38.004166,0.28832333333327065
8.003238363636363,3.349926,0.03746301272727272,38.013477,0.2883250000000165
8.000273272727272,3.3600035,0.03916272090909091,38.013477,0.3009633333332507
8.002024545454544,3.3704939,0.03916272090909091,38.013477,0.31344333333327085
7.999059545454545,3.3805628,0.04269704545454545,38.013477,0.32757666666657315
7.999375090909091,3.3906136,0.044560201818181815,37.97747,0.3415499999999156
7.997564818181818,3.4007616,0.04657976,37.97747,0.35662666666661
8.000013181818181,3.4111996,0.048897818181818174,37.97747,0.3740683333333436
8.001913545454544,3.421524,0.05154319818181818,37.98653,0.39395833333328484
8.000231636363635,3.4317322,0.054416080909090905,37.98653,0.41534666666666453
8.001566818181818,3.4417629,0.057815394545454535,37.992626,0.4409633333332749
7.999690636363635,3.4518538,0.062238716363636364,37.992626,0.47408333333332847
8.001199181818182,3.4618902,0.06723698545454544,37.992626,0.5116166666666686
8.001199181818182,3.4618902,0.06723698545454544,38.029499,0.5116183333332932
8.00040509090909,3.4719467,0.07337566818181818,38.025242,0.5575516666666469
7.999097636363636,3.481967,0.08077759,38.025242,0.6131099999999908
7.999097636363636,3.481967,0.08077759,38.050014,0.6131116666666154
7.998601727272726,3.4920864,0.08894132636363636,38.050014,0.6742966666666083
7.998601727272726,3.4920864,0.08894132636363636,38.125549,0.6742983333333541
8.000183090909092,3.5021172,0.09987094545454545,38.169945,0.7563566666666399
8.000106818181818,3.5124397,0.1109139,38.296604,0.8390966666665918
8.001632727272726,3.5190763,0.12202811818181818,38.397446,0.9224466666666558
8.001483545454546,3.5261316,0.1331213909090909,38.488068,1.005794999999974
8.00004090909091,3.5316582,0.1442504727272727,38.489517,1.0892199999999623
7.99882018181818,3.5373316,0.15539906363636363,38.658634,1.1727733333333163
7.998910363636363,3.5423756,0.16651510909090908,38.658634,1.25616333333334
7.998910363636363,3.5423756,0.16651510909090908,38.840336,1.2561649999999644
8.001403818181817,3.5462866,0.1776448545454545,38.92416,1.3395783333333384
8.000023545454544,3.5503712,0.1887459545454545,38.92416,1.4229166666666666
8.000023545454544,3.5503712,0.1887459545454545,39.008671,1.4229183333332913
7.999177454545454,3.5540018,0.19988234545454545,39.10154,1.5063883333333554
7.997745181818182,3.5575056,0.21100713636363636,39.10154,1.5899049999999988
7.997745181818182,3.5575056,0.21100713636363636,39.273121,1.5899066666666235
8.000564545454544,3.5609207,0.22213470909090907,39.465794,1.673349999999967
7.99818909090909,3.5641165,0.2332698727272727,39.465794,1.756816666666661
7.99818909090909,3.5641165,0.2332698727272727,39.64632,1.7568183333332854
7.998466454545453,3.5674667,0.2443909636363636,39.650772,1.8402699999999943
7.997998363636364,3.5690708,0.2500032,39.742973,1.882323333333261
0.00038580460909090907,3.4222736,0.25015004545454544,39.742973,1.8835766666665827
1.0800153636363636,3.4324179,0.25015004545454544,39.742973,1.8870050000000143
1.7996146363636363,3.4430294,0.25015004545454544,39.742973,1.889134999999927
2.4480229999999996,3.4531651,0.25015004545454544,39.742973,1.8910183333333408
3.0959432727272724,3.4637995,0.25015004545454544,39.742973,1.8929499999999584
3.6011358181818176,3.4552326,0.2553834727272727,39.90564,1.9763383333333573
3.600046818181818,3.4479609,0.2603823727272727,39.90564,2.05973166666663
3.600046818181818,3.4479609,0.2603823727272727,39.986267,2.059733333333255
3.5999038181818177,3.4433632,0.26539325454545454,40.06398,2.143286666666609
3.6000563636363636,3.4413462,0.27039830909090906,40.06398,2.2266833333332516
3.6000563636363636,3.4413462,0.27039830909090906,40.047695,2.2266849999999976
3.6000043636363634,3.4400387,0.2754095181818182,40.063309,2.3101383333333314
3.6004378181818177,3.4395266,0.2804109727272727,40.063309,2.393564999999944
3.6004378181818177,3.4395266,0.2804109727272727,40.116341,2.39356666666669
3.599186818181818,3.439683,0.2854222636363636,40.045559,2.4770633333333536
3.6000771818181816,3.4401722,0.2904366363636363,40.065407,2.560583333333246
3.6009302727272723,3.4407635,0.2954338636363636,40.065407,2.6439999999999904
3.6009302727272723,3.4407635,0.2954338636363636,40.108871,2.644001666666615
3.600327727272727,3.4413691,0.30044333636363635,40.04464,2.727378333333278
3.5999653636363633,3.4423914,0.30544180909090907,39.994984,2.8107749999999214
3.599968818181818,3.4435587,0.31045263636363635,39.964607,2.89420333333328
3.600086727272727,3.4441156,0.3154514636363636,39.964607,2.9775483333333495
3.600086727272727,3.4441156,0.3154514636363636,39.964607,2.9775499999999737
3.599811909090909,3.4451647,0.3204419090909091,39.964027,3.061028333333282
3.6001083636363633,3.4470615,0.3254706727272727,39.964027,3.144444999999905
3.6001083636363633,3.4470615,0.3254706727272727,39.867317,3.144446666666651
3.5999800909090904,3.4470625,0.3304456,39.867317,3.2278166666665737
3.5999800909090904,3.4470625,0.3304456,39.853462,3.2278183333333192
3.6000043636363634,3.4479952,0.3354540181818182,39.857372,3.311271666666653
3.5999800909090904,3.4489746,0.3404853545454545,39.837482,3.394731666666606
3.6000511818181815,3.449913,0.3454709636363636,39.762505,3.4780849999999193
3.600406636363636,3.4510202,0.35049711818181817,39.731472,3.561594999999943
3.600034727272727,3.4519958,0.35549320909090903,39.731472,3.6449649999999867
3.600034727272727,3.4519958,0.35549320909090903,39.72543,3.6449666666666114
3.600203818181818,3.4528561,0.3604872909090909,39.669117,3.7284066666665847
3.6001161818181817,3.453887,0.36550432727272725,39.669117,3.811749999999908
3.6001161818181817,3.453887,0.36550432727272725,39.654343,3.8117516666666535
3.6000129999999997,3.4544668,0.3705148545454545,39.591103,3.8952499999999417
3.6000425454545453,3.455822,0.37552557272727266,39.591103,3.9786883333332903
3.6000425454545453,3.455822,0.37552557272727266,39.610996,3.978689999999915
3.599879545454545,3.4563723,0.3805263454545454,39.536877,4.062034999999984
3.6000520909090907,3.4572468,0.3855209181818181,39.52906,4.1453749999999365
3.6001491818181814,3.4580841,0.3905237272727273,39.52906,4.228871666666601
3.6001491818181814,3.4580841,0.3905237272727273,39.545059,4.228873333333346
3.600335545454545,3.4590178,0.39554205454545455,39.493523,4.31229999999996
3.5998101818181816,3.4599361,0.4005383909090909,39.522133,4.395666666666632
3.600059818181818,3.4607887,0.4055455090909091,39.522133,4.479071666666641
3.600059818181818,3.4607887,0.4055455090909091,39.487476,4.4790733333332655
3.600022545454545,3.4615059,0.41054321818181816,39.414806,4.562491666666634
3.599723454545454,3.4628239,0.41555821818181815,39.422958,4.645954999999958
3.5998803636363634,3.4633131,0.4205723818181818,39.422958,4.729473333333347
3.5998803636363634,3.4633131,0.4205723818181818,39.431133,4.7294749999999715
3.599983545454545,3.4642,0.4255719363636363,39.384052,4.812808333333305
3.5991669090909086,3.4648857,0.43057569090909087,39.384052,4.896293333333355
3.5991669090909086,3.4648857,0.43057569090909087,39.389545,4.896294999999979
3.5999653636363633,3.4657745,0.4355770909090909,39.389545,4.979698333333242
3.5999653636363633,3.4657745,0.4355770909090909,39.314392,4.979699999999988
3.600035545454545,3.4666491,0.44058271818181816,39.328255,5.063158333333316
3.599493727272727,3.467577,0.4456028636363636,39.328255,5.146696666666685
3.599493727272727,3.467577,0.4456028636363636,39.29694,5.146698333333309
3.6001109999999996,3.4684296,0.45061008181818174,39.309929,5.230166666666628
3.599976636363636,3.4691725,0.45561383636363634,39.309929,5.313544999999916
3.599976636363636,3.4691725,0.45561383636363634,39.327152,5.313546666666662
3.599831818181818,3.4702816,0.46060784545454536,39.267437,5.396953333333295
3.5991703636363632,3.4705076,0.4656305636363636,39.267437,5.480446666666588
3.5991703636363632,3.4705076,0.4656305636363636,39.267437,5.480448333333333
3.5997130909090904,3.4720726,0.47063107272727267,39.222809,5.563940000000002
3.5998847272727272,3.4730291,0.4756335818181818,39.235455,5.647296666666686
3.599625545454545,3.4738121,0.48064096363636355,39.235455,5.730724999999923
3.599625545454545,3.4738121,0.48064096363636355,39.232765,5.730726666666669
3.5998413636363633,3.4746246,0.4856548545454545,39.256897,5.8143066666666225
3.5999705454545454,3.4756498,0.49065930909090905,39.160393,5.897700000000016
3.5999271818181815,3.4765081,0.4956676727272727,39.166107,5.981113333333269
3.6001499999999997,3.477397,0.5006592363636364,39.153454,6.064458333333338
3.6000789090909087,3.4785337,0.5056645090909091,39.153454,6.147836666666626
3.6000789090909087,3.4785337,0.5056645090909091,39.169434,6.147838333333251
3.599720909090909,3.4793882,0.5106820272727273,39.129292,6.2313133333333095
3.6000910909090904,3.4806585,0.5156814,39.113613,6.314834999999948
3.599780727272727,3.4815435,0.5206977818181817,39.10154,6.398288333333282
3.6001291818181818,3.4820204,0.5256992545454545,39.10154,6.481644999999966
3.6001291818181818,3.4820204,0.5256992545454545,39.129925,6.48164666666659
3.5999653636363633,3.4824619,0.5307033909090909,39.129925,6.5650599999999635
3.5999653636363633,3.4824619,0.5307033909090909,39.130848,6.565061666666589
3.599919363636363,3.4846897,0.5357086636363636,39.139004,6.648553333333257
3.600072818181818,3.4854774,0.5407163727272727,39.139004,6.731921666666676
3.600072818181818,3.4854774,0.5407163727272727,39.09885,6.731923333333301
3.5998908181818177,3.4868689,0.5457219181818181,39.09885,6.81541833333334
3.5998908181818177,3.4868689,0.5457219181818181,39.139004,6.815419999999964
3.6003519999999996,3.4878054,0.5507290363636363,39.139004,6.898793333333257
3.6003519999999996,3.4878054,0.5507290363636363,39.096161,6.898795000000003
3.5996983636363633,3.4889956,0.5557155636363635,39.168335,6.982208333333256
3.5996349999999997,3.4902248,0.5607357363636364,39.079601,7.06567499999995
3.600044272727273,3.4911566,0.5657427454545454,39.079601,7.149030000000009
3.600044272727273,3.4911566,0.5657427454545454,39.109821,7.149031666666633
3.5999731818181813,3.4925919,0.5707444909090909,39.110703,7.232463333333241
3.599714818181818,3.493557,0.5757525818181818,39.101963,7.315929999999935
3.6000390909090907,3.4949627,0.580744909090909,39.101963,7.399299999999979
3.6000390909090907,3.4949627,0.580744909090909,39.050083,7.399301666666603
3.600073727272727,3.49648,0.5857650818181818,39.057568,7.482756666666683
3.600125727272727,3.4974813,0.5907728454545454,39.038898,7.566149999999955
3.6003181818181815,3.4988699,0.5957745454545454,39.041557,7.649623333333269
3.6013248181818183,3.4996872,0.6007795454545454,39.051517,7.732981666666577
3.5999592727272725,3.5015335,0.6057840545454545,39.01561,7.816461666666631
3.600170818181818,3.5028715,0.6108015818181818,39.034313,7.899969999999909
3.600315636363636,3.5043249,0.6158032727272726,39.002625,7.983448333333339
3.5999133636363636,3.5057602,0.6208050818181818,38.986607,8.066844999999981
3.5998413636363633,3.508049,0.6258161545454545,39.026463,8.15027666666659
3.6000043636363634,3.5088158,0.6308175727272727,39.00742,8.233669999999984
3.599811909090909,3.5105829,0.6358257181818182,38.991772,8.317086666666606
3.600222818181818,3.5123491,0.6408254636363636,38.991772,8.400499999999981
3.600222818181818,3.5123491,0.6408254636363636,38.981808,8.400501666666605
3.6000259999999997,3.5139542,0.6458317727272727,38.981808,8.483861666666659
3.6000259999999997,3.5139542,0.6458317727272727,39.013504,8.483863333333284
3.599428727272727,3.5154305,0.650815309090909,39.010803,8.567306666666628
3.600269636363636,3.5174713,0.6558329363636363,38.954971,8.650668333333305
3.5999072727272723,3.5186586,0.6608272727272726,38.982727,8.734135
3.601034363636363,3.5212135,0.6658449999999999,39.012581,8.817593333333328
3.6001031818181812,3.5231895,0.6708653363636363,38.989662,8.901086666666622
3.5998569999999996,3.5251627,0.6758541454545454,38.968487,8.98445166666667
3.600214181818181,3.5272188,0.6808718727272727,38.968487,9.067893333333268
3.600214181818181,3.5272188,0.6808718727272727,38.955524,9.067895000000014
3.6001742727272728,3.5294523,0.6858823,39.019192,9.151353333333342
3.599928909090909,3.5315599,0.6908910363636364,38.992352,9.23478166666658
3.600097090909091,3.5337353,0.6958930636363635,38.988968,9.318261666666634
3.6000026363636364,3.5360241,0.7009031545454545,38.988968,9.401756666666673
3.6000026363636364,3.5360241,0.7009031545454545,38.998043,9.401758333333298
3.599877818181818,3.5384026,0.7059072363636364,38.998043,9.485099999999996
3.599877818181818,3.5384026,0.7059072363636364,38.949146,9.48510166666662
3.6003372727272724,3.5408249,0.7109183636363635,38.949146,9.56856666666669
3.6003372727272724,3.5408249,0.7109183636363635,38.998932,9.568568333333314
3.6000043636363634,3.5431242,0.7159162636363635,38.965721,9.652066666666602
3.6001534545454543,3.5457773,0.720930909090909,38.976902,9.735494999999961
3.598808818181818,3.5480232,0.7259391090909091,38.999847,9.818928333333314
3.599900363636363,3.5510788,0.7309371818181818,39.05867,9.902368333333289
3.599982727272727,3.5538397,0.7359456999999999,39.031845,9.985808333333262
3.599883818181818,3.5566988,0.7409482090909091,39.018528,10.069164999999945
3.599857818181818,3.5596609,0.7459592272727272,39.036972,10.152594999999929
3.599782454545454,3.5626974,0.7509566454545454,39.088009,10.235981666666582
3.600411,3.5657282,0.7559580181818181,39.060814,10.31934333333326
3.6000884545454546,3.5689974,0.7609659454545454,39.073471,10.40275500000001
3.5993679999999997,3.5725098,0.7659755545454545,39.073471,10.486246666666679
3.5993679999999997,3.5725098,0.7659755545454545,39.073471,10.486248333333302
3.5999263636363636,3.5759277,0.7709805545454544,39.073471,10.569674999999915
3.5999263636363636,3.5759277,0.7709805545454544,39.106045,10.56967666666666
3.600117909090909,3.5797377,0.7759883727272727,39.158833,10.65318499999994
3.5998222727272724,3.5833979,0.7810003636363636,39.158833,10.736646666666639
3.5998222727272724,3.5833979,0.7810003636363636,39.11084,10.736648333333262
3.599802363636363,3.5872955,0.7860050454545453,39.11084,10.82006333333326
3.599802363636363,3.5872955,0.7860050454545453,39.179977,10.820065000000007
3.5998820909090905,3.5915327,0.7910055999999999,39.1567,10.90346166666665
3.600197727272727,3.5958662,0.7960109818181818,39.171791,10.986891666666633
3.600086727272727,3.5990648,0.8000014545454546,39.155781,11.053779999999945
0.0,3.4820757,0.8000014545454546,39.209488,11.138134999999966
0.0,3.4583549,0.8000014545454546,39.209488,11.22155499999996
0.0,3.4583549,0.8000014545454546,39.193848,11.221556666666583
0.0,3.440877,0.8000014545454546,39.16272,11.304926666666628
0.0,3.4278851,0.8000014545454546,39.08609,11.388274999999945
0.0,3.4175768,0.8000014545454546,39.08609,11.47157499999994
0.0,3.4175768,0.8000014545454546,39.093719,11.471576666666685
0.0,3.4091663,0.8000014545454546,39.093719,11.554831666666603
0.0,3.4091663,0.8000014545454546,39.058117,11.554833333333347
0.0,3.4024944,0.8000014545454546,39.002285,11.638154999999946
0.0,3.3967495,0.8000014545454546,38.92955,11.72156833333332
0.0,3.3922358,0.8000014545454546,38.855019,11.804910000000017
0.0,3.3883581,0.8000014545454546,38.855019,11.88812999999997
0.0,3.3883581,0.8000014545454546,38.813709,11.888131666666595
0.0,3.3849049,0.8000014545454546,38.813709,11.97152166666662
0.0,3.3849049,0.8000014545454546,38.737591,11.971523333333243
0.0,3.3821268,0.8000014545454546,38.737591,12.054933333333247
0.0,3.3821268,0.8000014545454546,38.677578,12.054934999999993
0.0,3.3821287,0.8000014545454546,38.677578,12.055004999999921
-0.00011444091818181817,3.3171864,0.8000014545454546,38.677578,12.068821666666675
0.9999119090909089,3.408206,0.8012973727060317,38.677578,12.152661666666608
0.9999119090909089,3.408206,0.8012973727060317,38.650475,12.152663333333354
0.9999309999999999,3.4121685,0.802685781796941,38.573765,12.236056666666627
0.9999942727272726,3.4153996,0.8040754908878499,38.575905,12.319434999999915
0.9999847272727272,3.4178495,0.8054653636151227,38.453598,12.402689999999954
1.000198,3.4206705,0.8068537181605772,38.453598,12.485994999999942
1.000198,3.4206705,0.8068537181605772,38.414917,12.485996666666688
1.0000852727272727,3.422699,0.8082429908878499,38.372025,12.569444999999906
0.9998417272727271,3.4249058,0.8096309727060318,38.372025,12.65272833333329
0.9998417272727271,3.4249058,0.8096309727060318,38.28688,12.652729999999913
1.0004364545454545,3.4269514,0.811018999978759,38.28688,12.735969999999968
1.0004364545454545,3.4269514,0.811018999978759,38.21312,12.735971666666591
0.9993969090909091,3.4285765,0.8124094636151227,38.21312,12.819326666666651
0.9993969090909091,3.4285765,0.8124094636151227,38.209198,12.819328333333276
1.0006453636363635,3.4303341,0.8137984181605772,38.209198,12.902673333333345
1.0006453636363635,3.4303341,0.8137984181605772,38.143631,12.902674999999968
0.9994949090909091,3.4319401,0.8151851454333046,38.143631,12.985994999999942
0.9994949090909091,3.4319401,0.8151851454333046,38.118298,12.985996666666688
1.000159,3.4335251,0.816576099978759,38.118298,13.069409999999941
1.000159,3.4335251,0.816576099978759,38.031197,13.069411666666687
1.0000332727272725,3.4351006,0.8179634817969409,38.031197,13.152648333333248
1.0000332727272725,3.4351006,0.8179634817969409,37.96896,13.152649999999994
0.9999006363636362,3.4365444,0.8193536817969409,37.91423,13.236043333333267
0.9998520909090908,3.4384556,0.8207405727060317,37.904278,13.31933000000002
1.0000653636363637,3.4394236,0.8221291454333044,37.867695,13.402688333333328
0.9999673636363635,3.4409094,0.8235219363423955,37.867695,13.486101666666581
0.9999673636363635,3.4409094,0.8235219363423955,37.8181,13.486103333333327
1.0004347272727272,3.442131,0.8249085636151227,37.73737,13.5693033333333
1.0002136363636362,3.4437494,0.8262990272514863,37.734306,13.652713333333304
0.9999292727272726,3.4454241,0.8276847272514862,37.666557,13.736009999999927
0.9999396363636363,3.4465866,0.8290752999787591,37.666557,13.819394999999956
0.9999396363636363,3.4465866,0.8290752999787591,37.604839,13.81939666666658
1.0000271818181818,3.4480104,0.8304647999787591,37.604839,13.902663333333354
1.0000271818181818,3.4480104,0.8304647999787591,37.570969,13.90266499999998
1.0001893636363637,3.4494257,0.83185239088785,37.570969,13.986024999999911
1.0001893636363637,3.4494257,0.83185239088785,37.508343,13.986026666666657
1.0001849999999999,3.4507437,0.8332426454333045,37.445381,14.069364999999985
0.9999353636363636,3.4520741,0.8346294272514863,37.445381,14.152704999999939
0.9999353636363636,3.4520741,0.8346294272514863,37.443901,14.152706666666685
0.9996899999999999,3.4533939,0.8360168636151227,37.378258,14.235994999999942
0.9999015454545453,3.4552937,0.8374087363423953,37.378258,14.319408333333316
0.9999015454545453,3.4552937,0.8374087363423953,37.349167,14.319409999999941
0.9998849999999999,3.4562807,0.8387979636151227,37.349167,14.402729999999913
0.9998849999999999,3.4562807,0.8387979636151227,37.332867,14.402731666666659
1.0000324545454544,3.4578733,0.8401862636151226,37.322311,14.486023333333288
0.9998494545454545,3.4589128,0.8415747727060318,37.292023,14.56943999999991
0.9999205454545453,3.4607201,0.8429633454333045,37.252357,14.65270166666669
0.9999812727272727,3.4613152,0.8443529454333045,37.184853,14.736073333333358
1.000009909090909,3.463625,0.8457426090696681,37.184853,14.81935666666662
1.000009909090909,3.463625,0.8457426090696681,37.130619,14.819358333333245
1.0002543636363637,3.4652767,0.8471320454333044,37.130619,14.902768333333249
1.0002543636363637,3.4652767,0.8471320454333044,37.190361,14.902769999999995
1.0007970909090909,3.4668207,0.8485200181605772,37.190361,14.986091666666592
1.0007970909090909,3.4668207,0.8485200181605772,37.118835,14.986093333333338
0.9998295454545455,3.4685812,0.8499101636151227,37.053116,15.069411666666687
0.9999986363636364,3.4703331,0.851296399978759,37.065563,15.152640000000003
0.9999396363636363,3.4717922,0.85268579088785,37.065563,15.235994999999942
0.9999396363636363,3.4717922,0.85268579088785,37.063755,15.235996666666688
1.0000506363636363,3.4735384,0.8540771727060318,37.063755,15.319431666666667
1.0000506363636363,3.4735384,0.8540771727060318,36.945595,15.31943333333329
1.0012834545454543,3.4753542,0.8554620090696682,36.981094,15.402636666666634
1.0000653636363637,3.4776011,0.8568533454333045,36.981094,15.486101666666581
1.0000653636363637,3.4776011,0.8568533454333045,36.891083,15.486103333333327
0.9999543636363636,3.4790182,0.8582384999787591,36.926586,15.569304999999925
0.9998763636363636,3.4809828,0.8596305454333045,36.926586,15.652756666666635
0.9998763636363636,3.4809828,0.8596305454333045,36.826256,15.652758333333258
1.0002543636363637,3.4830465,0.8610206272514863,36.826256,15.736099999999958
1.0002543636363637,3.4830465,0.8610206272514863,36.787453,15.736101666666581
0.9999353636363636,3.4850168,0.8624069817969409,36.735001,15.81934333333326
1.0000133636363635,3.4870377,0.8637957636151227,36.729584,15.902658333333239
1.0001087272727271,3.4893484,0.8651860181605773,36.729584,15.985966666666597
1.0001087272727271,3.4893484,0.8651860181605773,36.747784,15.985968333333343
0.9999040909090908,3.4914637,0.86657519088785,36.659554,16.069386666666592
1.000700909090909,3.4936256,0.8679651636151227,36.628956,16.15273166666666
0.9999604545454545,3.4960871,0.8693516272514864,36.627735,16.235973333333337
1.0010961818181818,3.4986143,0.8707409545242136,36.59166,16.319399999999952
0.9998815454545453,3.5010805,0.8721305545242136,36.548897,16.402706666666685
0.9998104545454545,3.5035067,0.87351929088785,36.548897,16.48608499999997
0.9998104545454545,3.5035067,0.87351929088785,36.506176,16.486086666666598
0.9999682727272726,3.5062971,0.8749093272514863,36.526196,16.569451666666644
1.0000722727272728,3.5092316,0.8762978454333046,36.465225,16.65273833333328
0.9998919999999999,3.5120754,0.8776842454333045,36.465225,16.735981666666582
0.9998919999999999,3.5120754,0.8776842454333045,36.447346,16.735983333333326
0.9997913636363636,3.5150442,0.8790748727060318,36.408211,16.819418333333306
1.0000601818181818,3.5182943,0.8804633363423954,36.407318,16.9026716666666
1.0007667272727272,3.5215702,0.8818517999787591,36.349049,16.986086666666598
0.9999300909090909,3.5250854,0.8832412454333045,36.349377,17.069341666666634
0.9999665454545453,3.5286036,0.8846306272514863,36.346928,17.152666666666605
0.9998130909090908,3.532155,0.8860189817969408,36.26656,17.23606
1.0000237272727273,3.5361423,0.8874074454333045,36.26656,17.319438333333284
1.0000237272727273,3.5361423,0.8874074454333045,36.289307,17.31943999999991
1.000087909090909,3.5400915,0.8887963363423954,36.289307,17.4027183333333
1.000087909090909,3.5400915,0.8887963363423954,36.287819,17.402719999999924
1.0001113636363634,3.5444403,0.8901836636151226,36.287819,17.485996666666686
1.0001113636363634,3.5444403,0.8901836636151226,36.281761,17.485998333333313
1.0001113636363634,3.5488377,0.8915743999787591,36.23991,17.569324999999903
0.9998061818181817,3.5536785,0.8929646545242136,36.215607,17.652740000000026
0.9997991818181816,3.5586166,0.8943520363423954,36.202553,17.736038333333273
0.9995824545454544,3.5636425,0.8957393090696681,36.188026,17.819359999999993
0.9998928181818182,3.569005,0.89712999088785,36.188026,17.90273166666666
0.9998928181818182,3.569005,0.89712999088785,36.177113,17.902733333333284
1.000029,3.5757637,0.8985177454333045,36.159222,17.98603166666665
0.9998442727272726,3.580678,0.8999082181605772,36.148281,18.069413333333312
0.9999388181818182,3.5867338,0.9012982545242136,36.148281,18.152765
0.9999388181818182,3.5867338,0.9012982545242136,36.113052,18.152766666666626
0.9998243636363636,3.5934486,0.9026834090696682,36.119144,18.235999999999937
0.9966945454545453,3.6000147,0.9040765908878499,36.084816,18.31943999999991
0.8503532454545454,3.6000948,0.9053407454333046,36.084816,18.402689999999954
0.8503532454545454,3.6000948,0.9053407454333046,36.080883,18.402691666666577
0.7723409454545453,3.5997524,0.9064651636151226,36.034744,18.485986666666577
0.7276855818181818,3.5998783,0.9075117636151228,36.034744,18.569431666666667
0.7276855818181818,3.5998783,0.9075117636151228,36.072773,18.56943333333329
0.6922843272727273,3.5998116,0.9084922090696681,36.006252,18.65264833333325
0.6557317181818181,3.5998621,0.9094280908878499,36.012669,18.735973333333337
0.6248456818181818,3.6000957,0.9103168181605771,35.997784,18.819348333333256
0.5971206363636363,3.6000681,0.9111621817969408,35.955902,18.902649999999994
0.5691944454545453,3.5999384,0.9119743636151226,35.978992,18.986113333333318
0.5426805636363636,3.5998669,0.9127455454333043,36.003876,19.069399999999952
0.5255326363636363,3.5998287,0.9134879999787591,35.94928,19.15271499999993
0.499629109090909,3.6000071,0.9141982727060316,35.887016,19.236093333333336
0.47782810909090906,3.5999041,0.9148709999787589,35.931919,19.319308333333296
0.4526268363636363,3.599844,0.9155200908878499,35.871803,19.402729999999913
0.4344411363636363,3.6000738,0.9161386363423953,35.871803,19.486023333333286
0.4344411363636363,3.6000738,0.9161386363423953,35.879471,19.486024999999913
0.4219696727272727,3.6001062,0.9167314545242135,35.851185,19.569411666666685
0.40035334545454543,3.6000423,0.9172985454333045,35.786789,19.65266833333335
0.37827665454545456,3.5998363,0.917840909069668,35.786789,19.736041666666644
0.37827665454545456,3.5998363,0.917840909069668,35.777985,19.736043333333267
0.3599374909090909,3.5996485,0.9183607272514861,35.758854,19.819428333333295
0.3481596181818181,3.5998983,0.9188589090696682,35.751869,19.90273833333328
0.33197489999999996,3.5997019,0.9193368181605771,35.753094,19.98597499999996
0.3228048818181818,3.5998163,0.9197953636151226,35.738232,20.069428333333295
0.3127089454545454,3.6002989,0.9202335454333043,35.738232,20.152778333333238
0.3127089454545454,3.6002989,0.9202335454333043,35.733395,20.152779999999986
0.2963317545454545,3.600049,0.9206557272514861,35.712448,20.236068333333243
0.28486338181818177,3.6000071,0.9210612727060317,35.711521,20.319414999999935
0.2749373727272727,3.6001005,0.9214513636151226,35.683254,20.402709999999935
0.26522809999999997,3.5999498,0.9218264545242135,35.617344,20.486055000000004
0.2519234727272727,3.6000519,0.9221856363423953,35.683018,20.56936999999998
0.24624910909090905,3.6000366,0.9225329090696681,35.683018,20.65264166666663
0.24624910909090905,3.6000366,0.9225329090696681,35.579407,20.652643333333252
0.2366360727272727,3.6000557,0.9228671817969408,35.579407,20.736066666666616
0.2366360727272727,3.6000557,0.9228671817969408,35.541424,20.736068333333243
0.2261794727272727,3.6000366,0.9231904545242136,35.54808,20.81936666666661
0.21517753636363635,3.5998716,0.9234999090696681,35.54808,20.902694999999948
0.21517753636363635,3.5998716,0.9234999090696681,35.509541,20.902696666666575
0.21548878181818182,3.6001348,0.9238002727060317,35.465466,20.986013333333297
0.20541278181818182,3.5997925,0.9240903636151226,35.50288,21.06936999999998
0.19557606363636362,3.6000614,0.9243697272514863,35.421711,21.15273166666666
0.18639650909090907,3.5998774,0.924639909069668,35.421711,21.236053333333256
0.18639650909090907,3.5998774,0.924639909069668,35.480099,21.236055000000004
0.18740133636363634,3.6001987,0.9249015454333043,35.480099,21.319398333333325
0.18740133636363634,3.6001987,0.9249015454333043,35.429958,21.319399999999952
0.18050193636363634,3.6001215,0.9251544545242135,35.427807,21.40275833333326
0.17376032727272725,3.5999022,0.9253991817969407,35.368855,21.48600666666668
0.16637281818181818,3.6000977,0.9256359999787589,35.388916,21.56945333333327
0.15810792727272727,3.5999107,0.9258646363423954,35.364342,21.652723333333295
0.15742301818181817,3.6001215,0.9260858181605771,35.312042,21.736066666666616
0.15210585454545456,3.5999622,0.9263000908878498,35.312042,21.819308333333296
0.15210585454545456,3.5999622,0.9263000908878498,35.318466,21.81930999999992
0.1476235818181818,3.600009,0.9265097272514863,35.322407,21.902721666666668
0.1470773909090909,3.6000338,0.9267127272514862,35.322407,21.986119999999936
0.1470773909090909,3.6000338,0.9267127272514862,35.283516,21.986121666666683
0.1365731,3.5998964,0.9269095454333043,35.216,22.069348333333256
0.13673001818181818,3.5997705,0.9271006363423954,35.214172,22.152708333333308
0.13265262727272725,3.5997448,0.9272872727060317,35.235714,22.236035000000022
0.13351873636363637,3.6000576,0.927466909069668,35.235714,22.31933333333327
0.13351873636363637,3.6000576,0.927466909069668,35.172218,22.319335000000017
0.12392477272727272,3.6001358,0.9276438181605772,35.172218,22.402773333333243
0.12392477272727272,3.6001358,0.9276438181605772,35.215763,22.402774999999988
0.12074383636363634,3.60005,0.9278149090696681,35.215763,22.486106666666576
0.12074383636363634,3.60005,0.9278149090696681,35.176498,22.486108333333323
0.12383027272727272,3.6001625,0.9279815454333045,35.18565,22.569373333333353
0.11737997272727271,3.5998592,0.9281431817969408,35.18565,22.652699999999943
0.11737997272727271,3.5998592,0.9281431817969408,35.132431,22.65270166666669
0.11112906363636363,3.5997429,0.928299999978759,35.187542,22.735971666666593
0.10535933636363636,3.6000595,0.9284543636151226,35.133064,22.81940333333332
0.10716091818181818,3.5999594,0.9286039090696682,35.197887,22.902734999999907
0.10658784545454544,3.6000528,0.9287517272514862,35.123051,22.98604833333326
0.10446201818181818,3.5999613,0.928896999978759,35.123051,23.06931333333329
0.10446201818181818,3.5999613,0.928896999978759,35.098431,23.069314999999914
0.10005864545454544,3.5997934,0.9290380908878499,35.072617,23.152746666666644
0.09662368181818182,3.600069,0.9291721817969408,35.072617,23.235996666666686
0.09662368181818182,3.600069,0.9291721817969408,35.073845,23.235998333333313
0.09387016363636363,3.5998774,0.9293067272514863,35.081398,23.319424999999924
0.09092330909090908,3.5996094,0.929437999978759,35.022099,23.402663333333354
0.08891452454545454,3.5997801,0.9295644545242134,34.94878,23.486041666666644
0.09174779999999999,3.6000872,0.9296902727060317,34.970085,23.569401666666575
0.09042566454545455,3.6000652,0.9298138181605772,34.970085,23.652676666666594
0.09042566454545455,3.6000652,0.9298138181605772,34.894638,23.652678333333338
0.09070396454545454,3.6001339,0.929932909069668,34.894638,23.736055000000004
0.09070396454545454,3.6001339,0.929932909069668,34.917179,23.736056666666627
0.08420163909090908,3.5999718,0.9300491817969407,34.924171,23.819373333333353
0.08186773818181818,3.6001043,0.9301647272514862,34.93206,23.90271499999993
0.07899544454545454,3.5998707,0.9302745454333043,34.876999,23.986066666666616
0.07705081636363635,3.599823,0.9303853636151226,34.876999,24.069399999999952
0.07705081636363635,3.599823,0.9303853636151226,34.833797,24.069401666666575
0.07996992636363637,3.6002493,0.930490999978759,34.863003,24.152643333333252
0.07624972909090907,3.5999975,0.9305956363423954,34.767441,24.236040000000017
0.07511138909090909,3.6000528,0.9306988181605771,34.776588,24.31936333333324
0.07106260818181817,3.5998211,0.9308012727060317,34.778378,24.402721666666668
0.06989825818181818,3.5998926,0.9308959999787589,34.805805,24.48607166666661
0.07175358818181818,3.6000671,0.9309939090696682,34.749493,24.569431666666667
0.07145708272727272,3.599988,0.9310889090696681,34.749493,24.65265499999999
0.07145708272727272,3.599988,0.9310889090696681,34.750393,24.652656666666612
0.06783398727272726,3.599988,0.9311812727060318,34.750393,24.736003333333308
0.06783398727272726,3.599988,0.9311812727060318,34.712711,24.73600499999993
0.06454641181818181,3.6000671,0.9312712727060316,34.637188,24.819481666666615
0.0657801190909091,3.5999937,0.9313601817969407,34.727608,24.902774999999988
0.06037105181818181,3.5996923,0.9314482727060316,34.727608,24.98604666666664
0.06037105181818181,3.5996923,0.9314482727060316,34.66124,24.98604833333326
0.06181543545454545,3.6003075,0.9315324545242135,34.649963,25.06944666666665
0.06005460545454545,3.5999374,0.9316161817969408,34.57354,25.15264166666663
0.06049936454545454,3.6000214,0.9316973636151226,34.57354,25.236001666666684
0.06049936454545454,3.6000214,0.9316973636151226,34.615288,25.236003333333308
0.053973631818181815,3.599926,0.9317793636151226,34.672844,25.319308333333296
0.05350893181818181,3.6000414,0.9318581817969408,34.54586,25.40268499999996
0.05048491727272727,3.6001282,0.9319338181605772,34.54586,25.485986666666577
0.05048491727272727,3.6001282,0.9319338181605772,34.538857,25.48598833333332
0.05383838272727272,3.5999928,0.9320113636151226,34.527573,25.569431666666667
0.05343697272727272,3.5999203,0.9320867272514863,34.527573,25.652696666666575
0.05343697272727272,3.5999203,0.9320867272514863,34.543736,25.65269833333332
0.055410211818181815,3.6001987,0.9321596363423954,34.553188,25.736109999999947
0.046378916363636356,3.5999155,0.9322296363423952,34.539516,25.819444999999906
0.04705342363636363,3.5999146,0.9322989090696681,34.556572,25.902723333333295
0.04948702727272727,3.6001139,0.9323674545242135,34.556572,25.98598833333332
0.04948702727272727,3.6001139,0.9323674545242135,34.511185,25.985989999999948
0.04667368818181818,3.5998058,0.9324348181605772,34.521568,26.069441666666656
0.04700400636363636,3.60005,0.9325019090696681,34.516392,26.15275500000001
0.04218014818181818,3.5997162,0.9325661817969408,34.54808,26.236123333333307
0.03700949909090909,3.5998936,0.9326290908878498,34.490513,26.319384999999965
0.04676558727272727,3.6001368,0.9326920908878499,34.490513,26.402673333333343
0.04676558727272727,3.6001368,0.9326920908878499,34.466782,26.40267499999997
0.03969279181818181,3.60005,0.9327519090696681,34.514336,26.48611166666657
0.04154465454545454,3.5998516,0.9328117272514863,34.430542,26.56931999999991
0.04427649727272727,3.6000767,0.9328709999787589,34.442722,26.652719999999924
0.039899132727272725,3.6000147,0.9329280908878499,34.442722,26.736083333333347
0.039899132727272725,3.6000147,0.9329280908878499,34.476837,26.73608499999997
0.04161141090909091,3.6001396,0.9329870908878498,34.476837,26.819444999999906
0.04161141090909091,3.6001396,0.9329870908878498,34.434258,26.81944666666665
0.04020604181818182,3.6000185,0.9330406363423954,34.434258,26.90277166666662
0.04020604181818182,3.6000185,0.9330406363423954,34.451313,26.902773333333243
0.033441023636363636,3.6000423,0.9330945454333045,34.426003,26.98603166666665
0.03752968545454545,3.5998821,0.9331487272514862,34.426003,27.069318333333285
0.03752968545454545,3.5998821,0.9331487272514862,34.400146,27.06931999999991
0.036393945454545454,3.6001043,0.9332016363423954,34.377907,27.15272499999992
0.03711266909090909,3.6000242,0.9332530908878498,34.378475,27.236011666666673
0.03761031454545455,3.6002684,0.9333041817969407,34.391582,27.31939333333333
0.02857988545454545,3.5998564,0.9333527272514862,34.391582,27.402638333333257
0.02857988545454545,3.5998564,0.9333527272514862,34.355663,27.402640000000005
0.03463051545454545,3.6000681,0.9333994545242136,34.355663,27.48605833333325
0.03463051545454545,3.6000681,0.9333994545242136,34.373386,27.48606
0.03395340636363636,3.6000185,0.9334485454333045,34.335892,27.56940666666669
0.031565752727272724,3.600153,0.9334955454333045,34.335892,27.65268833333333
0.031565752727272724,3.600153,0.9334955454333045,34.356899,27.652689999999954
0.029725161818181817,3.5999479,0.9335412727060316,34.317593,27.735994999999942
0.03024708181818182,3.5998583,0.9335892727060318,34.338009,27.81932666666665
0.032423192727272725,3.6004181,0.9336338181605772,34.291706,27.902669999999976
0.03307169090909091,3.6002588,0.9336771817969407,34.291706,27.986104999999952
0.03307169090909091,3.6002588,0.9336771817969407,34.276466,27.986106666666576
0.025380741818181816,3.5996466,0.9337205454333044,34.276466,28.069351666666627
0.025380741818181816,3.5996466,0.9337205454333044,34.258507,28.06935333333325
0.030501972727272723,3.5999613,0.9337622727060316,34.207912,28.152723333333295
0.02927780181818182,3.6000042,0.9338042727060317,34.220432,28.23597999999996
0.028566013636363637,3.600193,0.933845999978759,34.202129,28.31940666666669
0.030035539090909086,3.6002703,0.9338891817969407,34.202129,28.402778333333238
0.030035539090909086,3.6002703,0.9338891817969407,34.247547,28.402779999999986
0.026044845454545454,3.5999155,0.9339273636151226,34.204262,28.486091666666592
0.022913326363636362,3.6002064,0.9339662727060316,34.204262,28.56934333333326
0.022913326363636362,3.6002064,0.9339662727060316,34.194229,28.569345000000006
0.019957802727272725,3.5998039,0.9339868181605772,34.177162,28.614493333333304
-0.48138705454545444,3.5888853,0.9339827544111816,34.177162,28.61641499999993
-0.9200434545454544,3.5788755,0.9339827544111816,34.177162,28.617641666666653
-1.3601953636363635,3.5678692,0.9339827544111816,34.177162,28.61881666666668
-1.759901909090909,3.5572844,0.9339827544111816,34.177162,28.619828333333256
-2.1598135454545453,3.5464458,0.9339827544111816,34.177162,28.620873333333293
-2.520473181818182,3.5362396,0.9339827544111816,34.177162,28.62188499999999
-2.920209727272727,3.5244894,0.9339827544111816,34.177162,28.62289833333331
-3.2803782727272726,3.5139132,0.9339827544111816,34.177162,28.623911666666633
-3.67951,3.5017567,0.9339827544111816,34.177162,28.624968333333285
-3.960437363636363,3.4901304,0.9339827544111816,34.177162,28.626138333333316
-4.000175181818181,3.4796791,0.9339827544111816,34.177162,28.628976666666617
-4.000533272727272,3.4696302,0.9332005338090907,34.177162,28.632338333333244
-3.9999584545454545,3.4593325,0.9332005338090907,34.177162,28.63631666666661
-4.000271909090909,3.4492455,0.9332005338090907,34.207649,28.640603333333274
-3.999198545454545,3.4387808,0.9332005338090907,34.207649,28.645564999999987
-4.0016122727272725,3.4286785,0.9319312918181817,34.207649,28.65137499999995
-3.998854363636364,3.4185581,0.9319312918181817,34.207649,28.65761833333333
-3.9998860909090905,3.4084482,0.9310860276363634,34.207649,28.664091666666597
-4.000770363636363,3.3975887,0.9310860276363634,34.207649,28.672369999999987
-4.000036909090908,3.3874884,0.9299223489999999,34.207649,28.68145666666666
-4.000210363636364,3.3774738,0.9299223489999999,34.212524,28.691006666666606
-4.000088090909091,3.3674459,0.9285889046363635,34.212524,28.701438333333257
-4.000811999999999,3.3570194,0.9285889046363635,34.212524,28.712701666666664
-4.0001062727272725,3.3469229,0.9269745818181816,34.212524,28.72576333333333
-4.000474727272727,3.336916,0.9260573569090909,34.187229,28.739484999999938
-4.000433545454546,3.3264074,0.9250796899999999,34.187229,28.754153333333306
-3.999963636363636,3.316246,0.9239348036363635,34.187229,28.771326666666575
-3.9998626363636363,3.3061523,0.9227434590909088,34.201565,28.789191666666618
-4.000845,3.2960291,0.9213639145454543,34.201565,28.809866666666615
-3.999805454545454,3.2856588,0.9199784536363634,34.248215,28.830658333333243
-3.9994291818181815,3.2756586,0.9181783454545454,34.248215,28.857551666666648
-4.000049909090909,3.2651949,0.916357557272727,34.248215,28.884960000000017
-4.000049909090909,3.2651949,0.916357557272727,34.221657,28.88496166666664
-4.000336909090908,3.2548456,0.9142493472727272,34.221657,28.916486666666607
-4.000831090909091,3.2448454,0.9115858781818181,34.260067,28.956481666666637
-4.000017818181818,3.2347155,0.9087238136363635,34.260067,28.99943166666659
-4.000017818181818,3.2347155,0.9087238136363635,34.289341,28.99943333333334
-4.0001145454545455,3.2245331,0.9052180090909089,34.272846,29.051954999999968
-3.9999883636363633,3.2145319,0.9005852481818181,34.343555,29.121635
-4.000252818181818,3.2058506,0.8950208063636362,34.343555,29.204976666666578
-4.000252818181818,3.2058506,0.8950208063636362,34.332268,29.204978333333322
-4.000567545454545,3.1989126,0.8894631336363634,34.358124,29.28834
-3.999883909090909,3.1936712,0.8839062499999999,34.358124,29.37169833333331
-3.999883909090909,3.1936712,0.8839062499999999,34.392242,29.371699999999933
-3.9995037272727267,3.1893921,0.8783454309090908,34.451313,29.455148333333273
-3.9998331818181816,3.185894,0.8727777818181817,34.433334,29.538580000000003
-4.000649454545454,3.1829567,0.8672274918181817,34.479626,29.62193833333331
-3.999997909090909,3.1806879,0.8616628499999999,34.479626,29.705351666666683
-3.999997909090909,3.1806879,0.8616628499999999,34.519176,29.70535333333331
-3.9997373636363633,3.1779661,0.8561092009090907,34.519176,29.78869666666663
-3.9997373636363633,3.1779661,0.8561092009090907,34.538353,29.788698333333254
-3.9996099090909083,3.175993,0.8505411918181817,34.538353,29.87216499999995
-3.9996099090909083,3.175993,0.8505411918181817,34.574287,29.872166666666576
-3.9995080909090905,3.1739874,0.8449839799999999,34.616619,29.95552666666663
-4.000078545454545,3.1722603,0.8394183818181817,34.616619,30.039003333333312
-4.000078545454545,3.1722603,0.8394183818181817,34.684788,30.039004999999936
-3.9997321818181817,3.1705818,0.8338587636363635,34.636951,30.12241833333331
-3.999908636363636,3.1690197,0.8282904636363635,34.636951,30.205883333333258
-3.999908636363636,3.1690197,0.8282904636363635,34.776657,30.205885000000006
-4.000235909090908,3.1674099,0.8227331363636362,34.776657,30.289338333333337
-4.000235909090908,3.1674099,0.8227331363636362,34.800735,30.289339999999964
-3.9998375454545454,3.1661806,0.8171786545454544,34.800735,30.372843333333247
-3.9998375454545454,3.1661806,0.8171786545454544,34.829922,30.37284499999999
-3.9998765454545446,3.1647797,0.8116084363636362,34.819233,30.456245000000006
-3.9998691818181817,3.1634178,0.8060389999999998,34.890755,30.53964833333327
-3.999834090909091,3.1620331,0.8004824909090907,34.942448,30.623004999999953
-3.9999775454545454,3.1608715,0.7949226727272726,34.990818,30.706404999999965
-4.000045636363636,3.1597023,0.7893531272727271,35.001785,30.789949999999955
-3.9998449090909087,3.1583652,0.7837886909090906,35.041931,30.873399999999915
-3.999618636363636,3.1571741,0.7782259090909089,35.076897,30.956858333333244
-3.99974609090909,3.1558466,0.7726634545454545,35.076897,31.040376666666635
-3.99974609090909,3.1558466,0.7726634545454545,35.159012,31.04037833333326
-3.999148727272727,3.1544189,0.7671007454545452,35.144669,31.123721666666583
-3.999907363636363,3.1537895,0.7615614818181816,35.144669,31.207056666666663
-3.999907363636363,3.1537895,0.7615614818181816,35.16444,31.207058333333286
-4.000254090909091,3.1524734,0.7559949909090907,35.179287,31.290498333333257
-4.000144454545454,3.1504011,0.7504215636363635,35.179287,31.37391000000001
-4.000144454545454,3.1504011,0.7504215636363635,35.245255,31.373911666666633
-4.000094545454545,3.1503496,0.7448670636363635,35.347176,31.457284999999924
-4.000058636363636,3.1491461,0.7393173090909089,35.380554,31.54064499999998
-4.000747,3.1477413,0.7337636545454543,35.339207,31.624124999999914
-3.999932909090909,3.1463833,0.7281886818181816,35.400284,31.707509999999942
-4.000017818181818,3.1456099,0.7226301363636363,35.390251,31.790936666666674
-3.9996480909090906,3.1445055,0.7170688727272726,35.390251,31.874324999999953
-3.9996480909090906,3.1445055,0.7170688727272726,35.449203,31.87432666666658
-4.000372909090909,3.1433172,0.7115111636363635,35.479271,31.957721666666597
-3.999919,3.1420488,0.7059348272727272,35.479271,32.041216666666635
-3.999919,3.1420488,0.7059348272727272,35.453705,32.04121833333326
-3.9994781818181817,3.141181,0.7003983363636362,35.453705,32.124688333333324
-3.9994781818181817,3.141181,0.7003983363636362,35.557396,32.12468999999995
-3.999913818181818,3.1401482,0.6948175818181817,35.553345,32.20803000000002
-4.000388909090909,3.1386528,0.6892497454545453,35.560661,32.29151166666658
-3.999867,3.1373682,0.6836880909090908,35.560661,32.37492166666659
-3.999867,3.1373682,0.6836880909090908,35.660358,32.37492333333333
-4.000017,3.1362572,0.678131618181818,35.660358,32.45833833333333
-4.000017,3.1362572,0.678131618181818,35.634464,32.45833999999995
-3.999793727272727,3.1352196,0.6725670909090908,35.634464,32.541789999999914
-3.999793727272727,3.1352196,0.6725670909090908,35.672764,32.54179166666666
-4.00010409090909,3.1338511,0.6670064363636362,35.672096,32.62527166666659
-3.999443090909091,3.1330957,0.6614383272727271,35.753525,32.7087233333333
-4.001027454545454,3.131464,0.6558743181818181,35.78878,32.79215166666666
-4.000747,3.129365,0.650320518181818,35.798134,32.875564999999916
-4.000461363636363,3.1288643,0.6447525272727272,35.840923,32.95901833333325
-4.000476909090908,3.1276245,0.6391915999999999,35.816631,33.04239166666666
-4.000099818181818,3.126276,0.6336340363636361,35.803532,33.125804999999914
-3.9999709999999995,3.1252832,0.628068618181818,35.803532,33.20927333333336
-3.9999709999999995,3.1252832,0.628068618181818,35.872494,33.20927499999998
-3.999529363636363,3.1235132,0.6225111363636362,35.913456,33.29273499999993
-3.999835363636363,3.1227808,0.6169505363636363,35.913456,33.37618000000002
-3.999835363636363,3.1227808,0.6169505363636363,35.925861,33.376181666666646
-3.999605636363636,3.1212749,0.6113824545454545,35.925861,33.459619999999994
-3.999605636363636,3.1212749,0.6113824545454545,35.946213,33.45962166666662
-3.999855272727272,3.1200066,0.6058130818181817,36.01783,33.54310666666667
-3.999963636363636,3.1185799,0.6002486090909089,36.01783,33.62654000000002
-3.999963636363636,3.1185799,0.6002486090909089,36.02964,33.62654166666665
-4.0000339090909085,3.1172409,0.5946933454545453,36.055443,33.70991499999994
-4.00020509090909,3.1166935,0.5891379818181817,36.084583,33.793344999999924
-3.999379363636363,3.1153698,0.5835714454545453,36.142559,33.876805
-4.000210363636364,3.1132288,0.5780070818181816,36.134319,33.96022
-4.00008509090909,3.1118441,0.5724569909090907,36.124897,34.04355999999995
-4.000354636363636,3.1106768,0.566885209090909,36.124897,34.1269933333333
-4.000354636363636,3.1106768,0.566885209090909,36.18409,34.12699499999993
-3.999337727272727,3.1089859,0.5613225454545454,36.203445,34.21043333333328
-4.000017818181818,3.1078377,0.5557680454545453,36.226521,34.29378666666659
-4.000118818181818,3.1063795,0.5502010545454544,36.291454,34.37725833333328
-3.9996961818181815,3.1049452,0.5446406454545453,36.291454,34.46071166666661
-3.9996961818181815,3.1049452,0.5446406454545453,36.29932,34.46071333333336
-4.000197727272727,3.1041603,0.5390836272727272,36.29932,34.54405166666668
-4.000197727272727,3.1041603,0.5390836272727272,36.296284,34.54405333333331
-4.0001561818181814,3.1020641,0.5335225636363635,36.296284,34.627569999999956
-4.0001561818181814,3.1020641,0.5335225636363635,36.324753,34.627571666666576
-4.000131909090908,3.1008053,0.5279509636363634,36.322308,34.71100666666668
-4.000010454545454,3.0993576,0.5223942727272726,36.40419,34.794443333333284
-4.000215545454545,3.098094,0.5168365454545454,36.40419,34.87786500000002
-4.000215545454545,3.098094,0.5168365454545454,36.42207,34.87786666666664
-4.000080727272727,3.0965185,0.5112755909090908,36.42207,34.961244999999934
-4.000080727272727,3.0965185,0.5112755909090908,36.480007,34.961246666666675
-3.999840545454545,3.095046,0.505711118181818,36.519699,35.04469333333327
-3.9999510909090903,3.09342,0.5001430181818179,36.471489,35.12818166666669
-3.999892545454545,3.0922422,0.4945824454545453,36.471489,35.21159333333332
-3.999892545454545,3.0922422,0.4945824454545453,36.506676,35.211594999999946
-4.002236909090909,3.0906563,0.4890282636363634,36.506676,35.294953333333254
-4.002236909090909,3.0906563,0.4890282636363634,36.53064,35.294954999999995
-4.0003412727272725,3.0884285,0.48346886363636354,36.558205,35.37834333333328
-4.000254090909091,3.0876436,0.47790316363636354,36.558205,35.46178
-4.000254090909091,3.0876436,0.47790316363636354,36.559666,35.461781666666624
-3.9998024545454545,3.0861158,0.4723493727272726,36.593956,35.545175000000015
-3.9996992727272724,3.0850821,0.4667777999999999,36.704914,35.628643333333336
-3.999942454545454,3.0828953,0.4612099636363635,36.704914,35.71212666666664
-3.999942454545454,3.0828953,0.4612099636363635,36.635136,35.71212833333326
-4.000248454545455,3.0815649,0.45564462727272714,36.741554,35.795593333333336
-3.9975769090909083,3.0799408,0.45008828181818167,36.741554,35.879006666666584
-3.9975769090909083,3.0799408,0.45008828181818167,36.685398,35.87900833333333
-3.9998566363636363,3.0784836,0.44452721818181806,36.685398,35.962353333333276
-3.9998566363636363,3.0784836,0.44452721818181806,36.784294,35.9623549999999
-4.0010639090909095,3.0769444,0.43897017272727257,36.784294,36.0458216666666
-4.0010639090909095,3.0769444,0.43897017272727257,36.787552,36.045823333333345
-3.9998873636363634,3.0750675,0.4334055363636362,36.793652,36.12918166666665
-4.000703636363636,3.072217,0.4278512999999999,36.766354,36.21253499999997
-4.000142272727272,3.0717344,0.4222947454545454,36.766354,36.29605833333335
-4.000142272727272,3.0717344,0.4222947454545454,36.839966,36.296059999999976
-4.0000551818181815,3.0700169,0.4167197545454544,36.842678,36.37948666666659
-3.999566181818181,3.068244,0.4111691545454544,36.933006,36.46288333333335
-3.999879999999999,3.0660372,0.4056108636363635,36.933006,36.54622166666668
-3.999879999999999,3.0660372,0.4056108636363635,36.965378,36.5462233333333
-3.999485545454545,3.0644398,0.4000474727272726,36.965378,36.629603333333336
-3.999485545454545,3.0644398,0.4000474727272726,36.963268,36.62960499999996
-3.9998809090909084,3.0626745,0.39448922727272717,36.984715,36.713100000000004
-4.000412363636363,3.0606203,0.3889183636363635,37.029224,36.796501666666636
-4.000058636363636,3.0580549,0.38336375454545446,37.029224,36.879858333333324
-4.000058636363636,3.0580549,0.38336375454545446,36.987114,36.879859999999944
-4.000233727272727,3.0566149,0.3778071363636362,36.987114,36.96327333333332
-4.000233727272727,3.0566149,0.3778071363636362,37.034977,36.963274999999946
-4.000196454545454,3.05441,0.3722377363636362,37.09766,37.04674833333326
-4.00007209090909,3.0523062,0.3666819272727272,37.107029,37.130138333333285
-3.999937272727272,3.0501108,0.3611099818181817,37.093708,37.21363499999995
-3.9999649999999995,3.0476732,0.3555578636363635,37.152744,37.29700499999999
-4.000039090909091,3.0454206,0.3499948545454544,37.152744,37.38045999999995
-4.000039090909091,3.0454206,0.3499948545454544,37.186665,37.38046166666657
-4.00033909090909,3.0431881,0.34443752727272714,37.265392,37.46380166666665
-3.9997226363636362,3.0411339,0.33887685454545446,37.290791,37.54726833333334
-3.9998214545454545,3.0373697,0.3333113454545453,37.299572,37.630701666666575
-4.000112818181818,3.0354815,0.32774399999999987,37.326492,37.71409999999996
-3.9999181818181815,3.0336208,0.32218673636363626,37.326492,37.79756166666666
-3.9999181818181815,3.0336208,0.32218673636363626,37.346165,37.79756333333329
-3.9996459090909084,3.0296078,0.3166184181818181,37.39489,37.88103333333335
-4.00007209090909,3.0265732,0.3110543272727272,37.417587,37.964514999999906
-3.999957636363636,3.0236673,0.3054897454545453,37.453293,38.04796833333324
-4.000010454545454,3.0203905,0.29992787272727256,37.472614,38.13140666666659
-3.999684545454545,3.0168495,0.294364318181818,37.472614,38.214806666666604
-3.999684545454545,3.0168495,0.294364318181818,37.530422,38.21480833333335
-3.9988725454545446,3.0134277,0.28881068181818176,37.530422,38.2981483333333
-3.9988725454545446,3.0134277,0.28881068181818176,37.569759,38.29814999999993
-4.000405,3.0093594,0.2832535272727271,37.584572,38.3815166666666
-4.000083727272727,3.0058336,0.27768834545454535,37.629036,38.46498666666666
-3.999907363636363,3.0015106,0.2721324909090908,37.629936,38.54834333333335
-3.999618636363636,2.9971399,0.26656931818181806,37.712826,38.63174333333324
-4.0003091818181815,2.9927931,0.261012109090909,37.654118,38.71510166666667
-4.000004,2.9883919,0.25545375454545444,37.740952,38.79847499999996
-4.000109363636364,2.9825783,0.24989372727272718,37.789303,38.88196333333326
-4.000028727272727,2.9779596,0.24433380909090902,37.814102,38.96536333333327
-3.9998860909090905,2.9723387,0.23877399090909082,37.865803,39.048726666666575
-4.000294454545454,2.966404,0.23322181818181806,37.865803,39.132099999999994
-4.000294454545454,2.966404,0.23322181818181806,37.939568,39.132101666666614
-4.000265818181817,2.960886,0.22764861818181803,37.986752,39.21555499999995
-4.0000659999999995,2.9545469,0.22209541818181808,37.986752,39.298954999999964
-4.0000659999999995,2.9545469,0.22209541818181808,38.012428,39.29895666666659
-3.998613363636364,2.9473228,0.21653024545454538,38.012428,39.382328333333255
-3.998613363636364,2.9473228,0.21653024545454538,38.019382,39.38233
-4.000167818181818,2.9408541,0.21098175454545448,38.073765,39.46576499999998
-3.999901272727272,2.9335413,0.2054142454545454,38.108521,39.549164999999995
-4.000352909090909,2.9257269,0.19984169999999987,38.172283,39.63266166666666
-3.999908636363636,2.9161682,0.19428194545454533,38.209759,39.71604333333332
-3.9998829999999996,2.9079676,0.18872765454545443,38.209759,39.79945666666669
-3.9998829999999996,2.9079676,0.18872765454545443,38.294338,39.79945833333331
-3.9997387272727267,2.8995628,0.1831603636363635,38.294338,39.882874999999935
-3.9997387272727267,2.8995628,0.1831603636363635,38.304909,39.88287666666668
-3.9996450909090906,2.8889818,0.17793682727272714,38.304909,39.96123333333332
-3.9996450909090906,2.8889818,0.17793682727272714,38.350544,39.961234999999945
-4.000266727272726,2.8797493,0.1723795636363635,38.388,40.044594999999994
-4.000547181818181,2.8694153,0.16749767272727265,38.444439,40.11786166666668
-3.9999467272727274,2.8590145,0.16273737272727265,38.536842,40.18932833333335
-4.0003876363636355,2.8484411,0.15830880909090894,38.542297,40.25570333333332
-4.000102818181818,2.838419,0.1533783636363635,38.574295,40.32966166666665
-4.000583545454545,2.8282108,0.14941172727272717,38.661873,40.38920166666661
-3.999993545454545,2.8181686,0.14539399999999988,38.681801,40.449381666666646
-3.9996589090909085,2.8080711,0.1417156272727272,38.707153,40.50455666666664
-4.0001158181818175,2.7979746,0.13818367272727267,38.736107,40.557703333333244
-3.9997915454545456,2.787961,0.13483800909090898,38.736107,40.607769999999924
-3.9997915454545456,2.787961,0.13483800909090898,38.764488,40.607771666666665
-3.9999108181818177,2.777894,0.13173683636363628,38.804039,40.65434333333336
-3.9998258181818183,2.7670813,0.12876338181818173,38.804039,40.69892833333324
-3.9998258181818183,2.7670813,0.12876338181818173,38.848701,40.69892999999999
-3.9993962727272723,2.757041,0.12548176363636354,38.869522,40.74815499999992
-4.000006181818182,2.7470093,0.12248451818181813,38.869522,40.79322666666667
-4.000006181818182,2.7470093,0.12248451818181813,38.960308,40.793228333333296
-4.000304818181818,2.7367983,0.11981087272727266,38.938915,40.83321333333333
-4.000134909090908,2.7266769,0.11702299999999993,38.938915,40.874995000000006
-4.000134909090908,2.7266769,0.11702299999999993,39.055923,40.87499666666663
-3.999976636363636,2.7162523,0.11453460909090898,39.024899,40.912383333333246
-4.000456999999999,2.7057734,0.11186052727272718,39.024899,40.95236999999991
-4.000456999999999,2.7057734,0.11186052727272718,39.069218,40.95237166666666
-4.000422727272727,2.6950045,0.10948919090909084,39.069218,40.98800999999997
-4.0001466363636355,2.6849356,0.10692185454545441,39.108139,41.02656999999999
-4.000987181818181,2.6743927,0.10466067272727263,39.108139,41.060413333333294
-4.000987181818181,2.6743927,0.10466067272727263,39.182308,41.06041499999992
-3.999510272727272,2.6638384,0.10247724545454538,39.182308,41.09316333333324
-3.999510272727272,2.6638384,0.10247724545454538,39.216091,41.093164999999985
-3.9999341818181815,2.653532,0.10024087272727258,39.216091,41.126834999999964
-4.000164818181818,2.6435051,0.09841345454545443,39.246552,41.154143333333316
-4.000090272727272,2.6332426,0.09625142727272722,39.246265,41.18656999999997
-4.000087181818182,2.6232347,0.09437073636363631,39.246265,41.214824999999955
-4.000048636363636,2.6126528,0.09258959090909083,39.322544,41.24143666666666
-4.0000659999999995,2.602356,0.09076173636363623,39.322544,41.26886333333326
-3.9990160909090906,2.5921364,0.08901949090909082,39.38073,41.294996666666584
-3.9998106363636357,2.5820456,0.08736605454545444,39.38073,41.31993833333327
-3.999284818181818,2.5718727,0.08578739999999987,39.38073,41.34358166666667
-3.999284818181818,2.5718727,0.08578739999999987,39.422043,41.3435833333333
-4.000107181818181,2.5618296,0.08424434545454536,39.422043,41.36671833333324
-3.9999415454545453,2.5511236,0.08276143636363631,39.422043,41.38886333333333
-3.9999415454545453,2.5511236,0.08276143636363631,39.512726,41.38886499999996
-3.999867,2.5404348,0.08127521818181811,39.512726,41.411186666666616
-4.000222909090908,2.5304089,0.07976424545454532,39.505219,41.43382166666658
-3.9993164545454545,2.5198326,0.07847028181818169,39.505219,41.45332499999992
-4.000352909090909,2.5094872,0.07705879090909079,39.505219,41.474461666666684
-4.000352909090909,2.5094872,0.07705879090909079,39.594379,41.47446333333331
-4.000189090909091,2.4991274,0.07560064545454537,39.594379,41.49631833333333
-3.999956272727272,2.4890871,0.07414629090909083,39.631756,41.51808833333332
-4.00020509090909,2.478941,0.07265639090909078,39.631756,41.54043666666657
-3.9997819999999997,2.4688606,0.07093598181818175,39.733597,41.566249999999975
-4.000335636363636,2.4581165,0.0689838727272726,39.733597,41.59561499999994
-4.000268818181818,2.4470882,0.06622467272727266,39.721539,41.63695333333332
-4.000006181818182,2.4363508,0.06354261818181813,39.815536,41.67723666666667
-3.9992688181818177,2.4262133,0.06143884545454538,39.799908,41.708756666666645
-3.9977459090909084,2.4161081,0.05986024545454533,39.799908,41.73237999999995
-3.999730909090909,2.4060764,0.05866901818181805,39.799908,41.75038833333335
-4.000213363636363,2.3960104,0.0575953818181817,39.799908,41.76640833333331
-4.000213363636363,2.3960104,0.0575953818181817,39.972427,41.76640999999994
-4.000700181818182,2.3859987,0.0566635454545454,39.972427,41.78042333333324
-4.000232909090909,2.375927,0.0566635454545454,39.972427,41.793001666666655
-4.000090272727272,2.3658314,0.055063481818181756,40.008877,41.80438166666657
-4.000142272727272,2.3557673,0.05438458181818176,40.008877,41.814676666666614
-4.000135727272727,2.3452034,0.05438458181818176,40.008877,41.82421999999994
-4.000276181818181,2.3351164,0.05312589999999991,40.008877,41.833501666666656
-3.9998002727272723,2.3249159,0.05312589999999991,40.008877,41.84180666666665
-3.9995024545454547,2.3147717,0.05207002727272722,40.068462,41.84921999999994
-3.9994482727272724,2.3047218,0.05207002727272722,40.068462,41.85649
-3.9987152727272726,2.2945738,0.05111007272727265,40.068462,41.86374333333333
-3.9999541818181816,2.2845373,0.05111007272727265,40.068462,41.87002499999993
-3.999774636363636,2.2742624,0.05111007272727265,40.068462,41.87599499999997
-4.000050818181818,2.2641726,0.04990453636363624,40.068462,41.88176999999996
-4.000007454545455,2.2537565,0.04990453636363624,40.068462,41.887401666666605
-4.001163545454545,2.2435217,0.04990453636363624,40.068462,41.89254333333326
-3.9996567272727273,2.232336,0.04885907272727267,40.068462,41.89748833333324
-3.9996567272727273,2.232336,0.04885907272727267,40.194855,41.89748999999998
-3.9998383636363632,2.2219601,0.04885907272727267,40.194855,41.90262166666665
-3.999860909090909,2.2116833,0.04885907272727267,40.194855,41.90708333333326
-4.000238909090909,2.2013359,0.04885907272727267,40.194855,41.91135499999994
-3.999913818181818,2.1912107,0.04766806363636355,40.194855,41.91531499999995
-4.00024109090909,2.1811247,0.04766806363636355,40.194855,41.919154999999954
-4.000200818181818,2.1704292,0.04766806363636355,40.194855,41.922943333333265
-3.9998587272727266,2.1604233,0.04766806363636355,40.194855,41.926408333333285
-3.9998457272727266,2.1503325,0.04766806363636355,40.194855,41.929748333333315
-3.9999723636363638,2.1402454,0.04649471818181811,40.194855,41.932861666666575
-4.000157454545454,2.130147,0.04649471818181811,40.194855,41.936008333333305
-4.0003104545454535,2.1195841,0.04649471818181811,40.194855,41.93899499999995
-3.998970090909091,2.1088591,0.04649471818181811,40.268879,41.941961666666614
-4.0000551818181815,2.0985622,0.04649471818181811,40.268879,41.94475499999996
-4.000150909090908,2.0879726,0.04552781818181811,40.268879,41.947423333333305
-4.000068181818182,2.0777454,0.04552781818181811,40.268879,41.949928333333325
-4.000434454545455,2.0670061,0.04552781818181811,40.268879,41.95239833333326
-3.999942454545454,2.0561619,0.04552781818181811,40.268879,41.954869999999936
-4.000183909090909,2.0448666,0.04552781818181811,40.268879,41.957181666666656
-4.000140090909091,2.0340939,0.04552781818181811,40.268879,41.95952833333334
-3.999997909090909,2.0230074,0.04552781818181811,40.268879,41.9618066666666
-4.000041272727272,2.0125103,0.044432509090909025,40.268879,41.963794999999905
-3.999835363636363,2.0021858,0.044432509090909025,40.268879,41.96576833333335
-3.9991040909090905,2.0443983,0.044432509090909025,40.268879,41.96690666666667
-3.999638545454545,2.0280533,0.044432509090909025,40.268879,41.96731499999999
-4.000536727272727,2.0176849,0.044432509090909025,40.268879,41.967831666666584
-4.000069,2.0057774,0.044432509090909025,40.268879,41.968488333333276
-2.277815090909091,1.999795,0.04010130909090899,40.268879,42.051988333333306
-2.277815090909091,1.999795,0.04010130909090899,40.419945,42.05198999999993
-1.815645909090909,1.9996128,0.03731533636363622,40.419945,42.13536833333334
-1.815645909090909,1.9996128,0.03731533636363622,40.590473,42.135369999999966
-1.6281674545454545,1.9998741,0.03493553636363631,40.590473,42.218781666666594
-1.6281674545454545,1.9998741,0.03493553636363631,40.671375,42.21878333333334
-1.5243218181818181,1.9998369,0.03274749999999993,40.801533,42.30219499999997
-1.4441472727272726,1.9998665,0.030685018181818062,40.955421,42.385598333333355
-1.3719055454545455,2.0003624,0.02872613636363627,40.955421,42.46907333333329
-1.3719055454545455,2.0003624,0.02872613636363627,41.066875,42.46907499999991
-1.30229,2.0001431,0.026871672727272602,41.16177,42.55242999999997
-1.2345565454545453,1.9997797,0.02510483636363626,41.203865,42.63590166666666
-1.1674013636363636,2.0000277,0.02343663636363624,41.203865,42.71936333333324
-1.1674013636363636,2.0000277,0.02343663636363624,41.350975,42.71936499999999
-1.0991885454545454,2.000165,0.021860999999999988,41.409218,42.80270166666669
-1.034969818181818,1.9998465,0.020378272727272568,41.449471,42.88610166666658
-0.9700653636363635,2.0003567,0.01898354545454546,41.449471,42.96955333333329
-0.9700653636363635,2.0003567,0.01898354545454546,41.54546,42.969554999999914
-0.9079586363636363,1.9998369,0.017677727272727276,41.506496,43.05296499999992
-0.846914809090909,2.0003176,0.01645790909090904,41.506496,43.13634166666658
-0.846914809090909,2.0003176,0.01645790909090904,41.539566,43.13634333333333
-0.7893189545454545,1.9999075,0.015320363636363524,41.585529,43.2197883333333
-0.7342477272727272,1.9996786,0.014259727272727193,41.562729,43.30324
-0.6808376272727272,2.0001564,0.013277727272727115,41.549583,43.38663833333327
-0.630712509090909,2.0000172,0.012365272727272723,41.549583,43.47008499999999
-0.630712509090909,2.0000172,0.012365272727272723,41.593071,43.47008666666661
-0.5848425090909091,1.9998598,0.011520272727272698,41.593071,43.55351499999997
-0.5848425090909091,1.9998598,0.011520272727272698,41.565853,43.553516666666596
-0.5414295181818182,1.9999533,0.010736999999999854,41.575729,43.63698499999991
-0.5001718363636364,2.000227,0.010013454545454437,41.575729,43.72042833333326
-0.5001718363636364,2.000227,0.010013454545454437,41.546017,43.72043
-0.4638142999999999,1.9998493,0.009342727272727154,41.546017,43.80386166666661
-0.4638142999999999,1.9998493,0.009342727272727154,41.556854,43.803863333333354
-0.42906934545454545,1.9997406,0.008722545454545367,41.595806,43.88725666666663
-0.39538383636363633,2.000288,0.008150545454545268,41.497967,43.97063833333329
-0.3656768818181818,2.0001907,0.007620363636363546,41.497967,44.054143333333315
-0.3656768818181818,2.0001907,0.007620363636363546,41.490154,44.05414499999994
-0.3375443545454545,1.9998951,0.007131454545454425,41.490154,44.13754333333333
-0.3375443545454545,1.9998951,0.007131454545454425,41.453571,44.13754499999995
-0.3123768909090909,2.0002527,0.006678727272727255,41.453571,44.221023333333264
-0.3123768909090909,2.0002527,0.006678727272727255,41.419052,44.22102500000001
-0.28934045454545454,1.9999685,0.006260090909090914,41.419052,44.30443666666664
-0.28934045454545454,1.9999685,0.006260090909090914,41.357807,44.30443833333326
-0.2687514909090909,1.9997606,0.005872545454545267,41.367085,44.38782999999991
-0.24813651818181814,1.9999809,0.005513636363636352,41.367085,44.47131499999996
-0.24813651818181814,1.9999809,0.005513636363636352,41.317814,44.47131666666658
-0.23052129090909088,1.9998865,0.0051808181818180365,41.226856,44.55471499999997
-0.21302049999999997,2.0001993,0.004873181818181708,41.17461,44.63814999999995
-0.196704,2.0002909,0.0045879090909089525,41.108253,44.72162500000001
-0.18346266363636363,1.9999638,0.004322999999999814,41.004612,44.80511666666668
-0.17086809090909091,2.0001135,0.004076636363636259,40.930439,44.888598333333356
-0.15974911818181817,2.0002279,0.0038473636363634996,40.930439,44.971936666666686
-0.15974911818181817,2.0002279,0.0038473636363634996,40.870308,44.97193833333331
-0.14836744545454544,2.0001326,0.0036331818181817802,40.872684,45.055408333333254
-0.1390569818181818,1.9998493,0.0034329999999999587,40.728519,45.13888999999993
-0.13002221818181817,2.0002546,0.00324545454545441,40.728519,45.222350000000006
-0.13002221818181817,2.0002546,0.00324545454545441,40.669292,45.22235166666663
-0.12237201818181817,2.000268,0.0030695454545453574,40.578487,45.30585666666666
-0.11468193636363636,1.9996872,0.0029044545454545456,40.472366,45.38932499999998
-0.10862089999999999,1.999732,0.002749363636363517,40.423038,45.47270500000001
-0.10219833636363636,2.0001917,0.0026037272727271036,40.358967,45.55609833333328
-0.09585640909090908,2.0001917,0.002465727272727273,40.308689,45.639583333333334
-0.09098139999999999,2.0001707,0.0023358181818180297,40.227867,45.72308333333324
-0.08644971,1.9999332,0.0022121818181817443,40.227867,45.80650499999999
-0.08644971,1.9999332,0.0022121818181817443,40.168816,45.80650666666661
-0.08237145181818181,1.9998655,0.0020949090909089755,40.062912,45.88996333333331
-0.07812846818181818,1.9998436,0.0019830909090909087,40.014442,45.973319999999994
-0.07480187818181817,2.000329,0.0018765454545454185,40.014442,46.05683000000002
-0.07480187818181817,2.000329,0.0018765454545454185,39.89436,46.056831666666646
-0.07232752727272726,1.9996948,0.001774727272727135,39.840794,46.14031666666657
-0.06852323363636363,2.0002022,0.0016770909090908907,39.840794,46.22368833333324
-0.06852323363636363,2.0002022,0.0016770909090908907,39.727863,46.22368999999999
-0.06651358181818182,1.9998055,0.001583727272727244,39.652584,46.30714333333332
-0.06230440999999999,2.0000143,0.0014942727272725487,39.652584,46.39054666666659
-0.06230440999999999,2.0000143,0.0014942727272725487,39.579369,46.39054833333333
-0.06118427636363636,1.9997883,0.0014081818181816367,39.523674,46.47402500000001
-0.058059692727272724,2.0000753,0.0013256363636362308,39.433315,46.55738499999995
-0.056415037272727266,1.9998732,0.0012460909090907597,39.433315,46.64079833333332
-0.056415037272727266,1.9998732,0.0012460909090907597,39.347626,46.64079999999994
-0.05446173909090909,2.0000401,0.0011694545454544634,39.347626,46.724318333333336
-0.05446173909090909,2.0000401,0.0011694545454544634,39.275021,46.724319999999956
-0.05240440363636363,1.9999571,0.0010956363636361775,39.264954,46.80770999999998
-0.04978006545454545,1.9999733,0.0010246363636363057,39.171001,46.89109166666664
-0.04927461818181818,1.9997139,0.0009562727272727222,39.106087,46.974505000000015
-0.04587173454545454,2.0003319,0.0008906363636361869,38.959618,47.05786499999995
-0.04450191181818181,1.9999218,0.0008274545454544191,38.959618,47.141263333333335
-0.04450191181818181,1.9999218,0.0008274545454544191,38.980694,47.14126499999996
-0.04352569545454545,1.9997797,0.0007665454545452926,38.980694,47.22462500000002
-0.04352569545454545,1.9997797,0.0007665454545452926,38.845314,47.22462666666664
-0.04099412363636363,2.000104,0.0007079999999999712,38.777107,47.308036666666645
-0.03937721272727272,1.9997778,0.0006515454545453667,38.694717,47.391411666666684
-0.03877726454545455,1.9996614,0.0005973636363636054,38.66209,47.47486166666665
-0.03634626181818181,2.0001259,0.0005451818181818007,38.62254,47.55833333333333
-0.03553043727272727,2.0001278,0.0004949090909089904,38.500042,47.64185833333334
-0.033403743636363635,2.0000353,0.0004469999999999853,38.500042,47.72521166666665
-0.033403743636363635,2.0000353,0.0004469999999999853,38.425762,47.72521333333328
-0.03206079636363637,1.9999752,0.00040099999999997456,38.397293,47.80867333333335
-0.03125797636363636,2.0001831,0.0003569090909089583,38.377361,47.89201333333331
-0.029921965454545448,2.0000648,0.0003142727272727312,38.377361,47.97541999999994
-0.029921965454545448,2.0000648,0.0003142727272727312,38.197796,47.97542166666668
-0.029470269999999996,1.9997845,0.00027336363636357413,38.1362,48.05889333333325
-0.02783601909090909,2.0002556,0.00023390909090900436,38.064587,48.142305
-0.02729936090909091,1.9998465,0.00019554545454537507,38.030739,48.225656666666694
-0.02648006818181818,2.0001831,0.0001582727272726862,37.951904,48.30900166666664
-0.02588185363636363,1.999898,0.00012199999999997566,37.951904,48.39242666666663
-0.02588185363636363,1.999898,0.00012199999999997566,37.921612,48.39242833333325
-0.024846683636363633,2.000206,8.690909090896587e-05,37.780167,48.47593166666665
-0.024901303636363635,2.0000095,5.281818181813623e-05,37.780167,48.559426666666575
-0.024901303636363635,2.0000095,5.281818181813623e-05,37.806137,48.55942833333332
-0.02377336636363636,2.0001421,3.0454545454361434e-05,37.806137,48.61504833333335
-0.02377336636363636,2.0001421,3.0454545454361434e-05,37.752609,48.615049999999975
-0.02377336636363636,2.0019712,3.0363636363601124e-05,37.752609,48.61611
-0.02377336636363636,2.0120001,3.0363636363601124e-05,37.752609,48.62592333333329
0.0,2.0187721,3.0363636363601124e-05,37.752609,48.632916666666645
