Current,Voltage,SOC,Time
0.0,3.2231802940368652,0.0,341939.78331256233
0.0,3.2405025959014893,0.0,341969.79832126945
0.0,3.253939390182495,0.0,341999.8134523515
0.0,3.264462471008301,0.0,342029.7817155344
0.5504286289215088,3.5380568504333496,0.004170214309488822,342059.7838771188
0.5504286289215088,3.6066982746124268,0.008342202974879287,342089.79880411725
0.5502474308013916,3.6562366485595703,0.012512882097975356,342119.814190656
0.5502474308013916,3.6950902938842773,0.016683492934833007,342149.82908575493
0.5504286289215088,3.726982593536377,0.02085553669351409,342179.8444091162
0.550609827041626,3.753532648086548,0.0250289215605949,342209.85950013343
0.5504286289215088,3.7763590812683105,0.029200940071477027,342239.8746418521
0.5504286289215088,3.796109676361084,0.03337294121723799,342269.88965863927
0.5502474308013916,3.812622547149658,0.037543965650992245,342299.90753029677
0.5504286289215088,3.826059341430664,0.041715605905865615,342329.919950693
0.5504286289215088,3.834963321685791,0.045887623795956595,342359.9350879454
0.5504286289215088,3.840143918991089,0.05005964574514253,342389.9502544006
0.5504286289215088,3.843381643295288,0.05423166697462854,342419.965415678
0.5502474308013916,3.8461337089538574,0.058402305597369995,342449.9805107453
0.5504286289215088,3.8488857746124268,0.0625743575258111,342479.99589288305
0.550609827041626,3.851638078689575,0.06674771628997313,342510.0107961674
0.5504286289215088,3.8542282581329346,0.07091973651408477,342540.02595021174
0.5504286289215088,3.857142210006714,0.07509175334236877,342570.04107982514
0.5502474308013916,3.8595707416534424,0.07926240065385902,342600.0562374233
0.5504286289215088,3.8624846935272217,0.08343443370741431,342630.0714837677
0.5504286289215088,3.865074872970581,0.08760644594430016,342660.0865803488
0.5504286289215088,3.8676650524139404,0.09177847155824854,342690.1017731697
0.5502474308013916,3.870255470275879,0.09594909958175853,342720.1167919569
0.550609827041626,3.8726837635040283,0.1001224898808848,342750.13192204153
0.5504286289215088,3.8754358291625977,0.10429452138702135,342780.1471572532
0.550609827041626,3.878349781036377,0.10846790253794636,342810.1622215437
0.5502474308013916,3.8807783126831055,0.11263854685451838,342840.1773575882
0.5502474308013916,3.883530378341675,0.11680921152260673,342870.1926400977
0.550609827041626,3.886444330215454,0.12098258957419529,342900.20768209774
0.5504286289215088,3.8893585205078125,0.125154634770917,342930.22301580483
0.5504286289215088,3.892272472381592,0.12932661870207615,342960.2379087434
0.5504286289215088,3.895186424255371,0.13349864653090965,342990.25311749906
0.550609827041626,3.8982625007629395,0.1376720327263781,343020.2682180701
0.5504286289215088,3.9015002250671387,0.14184404793060018,343050.28333599935
0.5504286289215088,3.904576063156128,0.1460160693551691,343080.29849868023
0.5504286289215088,3.9078140258789062,0.150188085581489,343110.31362396287
0.550609827041626,3.9108898639678955,0.154361478565256,343140.3287733555
0.550609827041626,3.9139657020568848,0.15853489002034735,343170.3440555944
0.5504286289215088,3.916717767715454,0.16270688736410338,343200.35904502845
0.5504286289215088,3.9196319580078125,0.1668789092700931,343230.37421117286
0.550609827041626,3.922545909881592,0.17105229957269955,343260.38934128254
0.5502474308013916,3.925136089324951,0.1752229431071101,343290.404471698
0.5504286289215088,3.9278883934020996,0.17939497807874327,343320.4197318418
0.5504286289215088,3.930640459060669,0.183566980360867,343350.4347568044
0.550609827041626,3.9330687522888184,0.1877403730540095,343380.44990410685
0.550609827041626,3.9356589317321777,0.191913762937048,343410.465031199
0.5504286289215088,3.9377636909484863,0.1960857840703761,343440.48019178456
0.5504286289215088,3.940030097961426,0.200257802005063,343470.49532935786
0.5502474308013916,3.9418108463287354,0.20442847719506932,343500.5106875911
0.5504286289215088,3.943915367126465,0.20860048508858545,343530.52575292427
0.5504286289215088,3.9455342292785645,0.21277250293617597,343560.54088987096
0.550609827041626,3.947315216064453,0.21694587545258537,343590.55589206185
0.5504286289215088,3.948610305786133,0.2211178947549319,343620.5710394746
0.550609827041626,3.9499053955078125,0.22529128866007145,343650.5861954938
0.5504286289215088,3.951362371444702,0.22946330348040608,343680.60131066124
0.5504286289215088,3.952495574951172,0.23363534318277543,343710.6166048398
0.550609827041626,3.9536287784576416,0.23780871603859607,343740.63160947175
0.5502474308013916,3.9546000957489014,0.24197937537015898,343770.64685357554
0.5504286289215088,3.955733299255371,0.2461513754854725,343800.66186294926
0.550609827041626,3.95686674118042,0.25032478663389024,343830.67714298255
0.5504286289215088,3.9575142860412598,0.25449679874676184,343860.6922386714
0.5504286289215088,3.9586474895477295,0.2586688216246871,343890.7074118083
0.5502474308013916,3.959780693054199,0.2628394488479265,343920.72242483613
0.5504286289215088,3.960913896560669,0.2670114703749155,343950.73758825386
0.5504286289215088,3.9617233276367188,0.27118348910177076,343980.7527315263
0.5504286289215088,3.9628565311431885,0.2753555053204288,344010.76785675384
0.550609827041626,3.963989734649658,0.279528897061533,344040.78299720923
0.5504286289215088,3.964799165725708,0.2837009184094587,344070.7981593387
0.5504286289215088,3.9660942554473877,0.28787293560770605,344100.81329161377
0.550609827041626,3.9672276973724365,0.292046349251906,344130.8285895968
0.5504286289215088,3.9680371284484863,0.2962183446894369,344160.8435653167
0.550609827041626,3.969170331954956,0.3003917377289672,344190.8587151104
0.5502474308013916,3.970141649246216,0.30456275032233254,344220.87650155544
0.5504286289215088,3.9714367389678955,0.3087344136380165,344250.8890878602
0.5504286289215088,3.9725699424743652,0.3129064487650073,344280.9043491217
0.5502474308013916,3.973865032196045,0.3170770595691326,344310.91924398503
0.5504286289215088,3.9749982357025146,0.3212491014076565,344340.93455353193
0.5504286289215088,3.9759697914123535,0.325421095432228,344370.94951908645
0.5504286289215088,3.977264881134033,0.32959316296864444,344400.9650135141
0.550609827041626,3.977912425994873,0.33376650721391554,344430.97981237824
0.5502474308013916,3.9796931743621826,0.33793718063134015,344460.99515785463
0.5504286289215088,3.9808263778686523,0.34210917189968604,344491.0101035798
0.5504286289215088,3.982121467590332,0.34628120506541077,344521.02535073116
0.5504286289215088,3.9832546710968018,0.350453215280407,344551.04043276596
0.5502474308013916,3.9845497608184814,0.354623852622295,344581.0555186153
0.550609827041626,3.98600697517395,0.35879724531614166,344611.07066592283
0.550609827041626,3.98730206489563,0.36297063655823353,344641.0858027893
0.5504286289215088,3.9884352684020996,0.367142654854518,344671.1009429641
0.5504286289215088,3.9898922443389893,0.3713146921615554,344701.1162199097
0.5502474308013916,3.991187334060669,0.37548531644629873,344731.13121178985
0.550609827041626,3.9926443099975586,0.3796587257108572,344761.1464782744
0.5504286289215088,3.9939393997192383,0.38383074286381275,344791.1616102236
0.5504286289215088,3.995396614074707,0.3880027467950796,344821.1766470508
0.5504286289215088,3.9968535900115967,0.3921747995191842,344851.1920349128
0.5502474308013916,3.9981486797332764,0.3963454083856673,344881.2069158314
0.550609827041626,3.999605655670166,0.40051880221275443,344911.22207128926
0.5504286289215088,4.001062870025635,0.404690820449815,344941.23721103795
0.5504286289215088,4.0023579597473145,0.4088628351482228,344971.2523253282
0.550609827041626,4.004138469696045,0.4130362288833127,345001.26748012437
0.5504286289215088,4.005433559417725,0.41720824582586163,345031.28261055984
0.5504286289215088,4.006890773773193,0.42138026694037883,345061.2977710101
0.5504286289215088,4.008509635925293,0.42555230201791117,345091.31303191575
0.5504286289215088,4.010128498077393,0.42972432053087256,345121.3281736494
0.5504286289215088,4.011585712432861,0.4338963177659382,345151.34316230146
0.550609827041626,4.013042449951172,0.4380697111002853,345181.3583142155
0.5504286289215088,4.0146613121032715,0.4422417451473621,345211.37356770766
0.550609827041626,4.01644229888916,0.44641511958176855,345241.38858369284
0.5504286289215088,4.017899036407471,0.4505871377345321,345271.40372283506
0.5502474308013916,4.0193562507629395,0.45475780194223336,345301.41900203127
0.5507910847663879,4.021137237548828,0.45893255027455315,345331.4340183473
0.5504286289215088,4.022917747497559,0.4631045663148517,345361.4491422916
0.550609827041626,4.024536609649658,0.46727795840862413,345391.4642852834
0.5502474308013916,4.025993824005127,0.4714486529882773,345421.47978305933
0.5504286289215088,4.027774333953857,0.47562062377438274,345451.4945814272
0.5502474308013916,4.029393196105957,0.47979128397307996,345481.50983177155
0.5504286289215088,4.031174182891846,0.483963285886632,345511.5248540825
0.5502474308013916,4.032955169677734,0.48813393443996705,345541.54002061795
0.5504286289215088,4.034735679626465,0.4923059510230139,345571.555148467
0.5507910847663879,4.036678314208984,0.4964807151876134,345601.57027861173
0.5504286289215088,4.038459300994873,0.5006527335389389,345631.5854191825
0.5504286289215088,4.040240287780762,0.5048247529095629,345661.6005670865
0.5504286289215088,4.042182922363281,0.5089967663566632,345691.6156723743
0.5504286289215088,4.043801784515381,0.5131687839910559,345721.6308077872
0.550609827041626,4.045906066894531,0.5173421847660508,345751.64601321454
0.5504286289215088,4.04768705368042,0.5215142016319564,345781.6611430986
0.5500662326812744,4.0496296882629395,0.5256834736555356,345811.676287153
0.5502474308013916,4.051410675048828,0.5298541206166927,345841.6914422299
0.5504286289215088,4.053677082061768,0.5340261349075235,345871.70655358786
0.5504286289215088,4.055619716644287,0.538198172636078,345901.721833566
0.5504286289215088,4.0577239990234375,0.5423701708124153,345931.73682899
0.5507910847663879,4.059828758239746,0.5465449397283131,345961.7519932949
0.5504286289215088,4.061771392822266,0.5507169553045859,345991.76711390086
0.5502474308013916,4.063552379608154,0.5548876023806577,346021.7822698048
0.5504286289215088,4.065656661987305,0.5590596380065047,346051.79753465526
0.5504286289215088,4.068085193634033,0.563231638629736,346081.81254768313
0.5504286289215088,4.070027828216553,0.5674036580108132,346111.82769566233
0.5502474308013916,4.072132587432861,0.5715746792845723,346141.8455445781
0.550609827041626,4.074398994445801,0.5757476962797632,346171.85798985127
0.5504286289215088,4.07666540145874,0.5799197103079295,346201.8730993195
0.5504286289215088,4.07893180847168,0.5840917335767164,346231.88827526843
0.5504286289215088,4.081198215484619,0.5882637664149782,346261.9035200639
0.5502474308013916,4.083302974700928,0.592434392573978,346291.91852543264
0.5504286289215088,4.085569381713867,0.5966064405924276,346321.93387944036
0.5504286289215088,4.087835788726807,0.6007784295100213,346351.9488082533
0.550609827041626,4.090425968170166,0.6049518503105329,346381.9641577047
0.5502474308013916,4.092530727386475,0.6091224753453928,346411.97915498324
0.5504286289215088,4.094958782196045,0.6132945024182801,346441.99435830035
0.5504286289215088,4.097225189208984,0.6174665210636133,346472.0095009863
0.5504286289215088,4.099653720855713,0.6216385225089728,346502.0245199289
0.5504286289215088,4.102082252502441,0.6258105573621663,346532.0397792206
0.5502474308013916,4.104672431945801,0.6299811848187293,346562.0547939276
0.5504286289215088,4.10726261138916,0.6341532080944903,346592.06996992667
0.550609827041626,4.1098527908325195,0.6383265964254163,346622.085085856
0.5504286289215088,4.112281322479248,0.6424986313378256,346652.1003455737
0.5504286289215088,4.115033149719238,0.6466706312587521,346682.1153535489
0.5502474308013916,4.117461681365967,0.6508412939954664,346712.13062215876
0.5502474308013916,4.120051860809326,0.6550119223909046,346742.1456436226
0.5504286289215088,4.122804164886475,0.6591839738455868,346772.16102235194
0.5504286289215088,4.125555992126465,0.663355964752327,346802.17596547556
0.5504286289215088,4.128146648406982,0.6675279799238142,346832.1910831693
0.5504286289215088,4.130898475646973,0.6716999968642595,346862.20621358964
0.5504286289215088,4.133650779724121,0.6758720301992902,346892.22146195907
0.5502474308013916,4.136402606964111,0.6800426605379434,346922.2364974078
0.5502474308013916,4.13915491104126,0.6842133037359484,346952.2516254022
0.5502474308013916,4.142068862915039,0.688383949369584,346982.26677092526
0.5504286289215088,4.144982814788818,0.6925559888141675,347012.2820632492
0.550609827041626,4.147897243499756,0.6967293755212011,347042.29716749943
0.5502474308013916,4.150811195373535,0.700900002683853,347072.3121800912
0.550609827041626,4.153886795043945,0.705073395946404,347102.3273314889
0.5504286289215088,4.156639099121094,0.7092454131342062,347132.3424636888
0.5504286289215088,4.159715175628662,0.7134174310486745,347162.35760111664
0.550609827041626,4.162790775299072,0.7175908226984856,347192.37274091545
0.550609827041626,4.165866851806641,0.7217642171047418,347222.3879005387
0.550609827041626,4.168942928314209,0.7259376046446308,347252.4030107788
0.5504286289215088,4.172018527984619,0.7301096231283363,347282.418152302
0.5504286289215088,4.1750946044921875,0.7342816420279683,347312.4332968175
0.550609827041626,4.178332328796387,0.7384550932531888,347342.44886508415
0.5502474308013916,4.181408405303955,0.7426256784918547,347372.463575959
0.550609827041626,4.184807777404785,0.7467990694084721,347402.47871048463
0.5504286289215088,4.1878838539123535,0.7509710927392741,347432.4938868797
0.5504286289215088,4.191445350646973,0.7551431078132116,347462.50900387164
0.5504286289215088,4.194683074951172,0.7593151426433952,347492.5242629978
0.5502474308013916,4.19775915145874,0.7634857771011143,347522.53932809044
0.5504286289215088,4.20002555847168,0.7659377427743057,347540.1797333231
0.0,4.060800075531006,0.7659377427743057,347570.20811719145
0.0,4.050439357757568,0.7659377427743057,347600.2231190866
0.0,4.044610977172852,0.7659377427743057,347630.238235858
0.0,4.040887832641602,0.7659377427743057,347660.2065056724
0.7849056720733643,4.2003493309021,0.765940747315303,347660.2216641593
0.7348935604095459,4.200511455535889,0.766520673866698,347663.34661893814
0.6848815083503723,4.200511455535889,0.7679988718286603,347671.89359218534
0.634869396686554,4.2003493309021,0.7702232436512281,347685.76811892004
0.5848572850227356,4.2003493309021,0.7735554722065161,347708.3302471808
0.5344827771186829,4.200511455535889,0.7791440043115356,347749.73586038913
0.4844706654548645,4.2003493309021,0.7899614539598698,347838.1562822266
0.43445855379104614,4.2003493309021,0.8055591268591593,347980.3258497083
0.3844464421272278,4.2003493309021,0.8223738462411613,348153.52627883514
0.3344343602657318,4.2003493309021,0.8389804816819301,348350.1635989155
0.28442224860191345,4.2003493309021,0.8557881183918313,348584.1756767272
0.2344101518392563,4.2003493309021,0.8722679565674708,348862.5772675435
0.18439804017543793,4.2003493309021,0.8884680072023208,349210.4779309831
0.13438594341278076,4.200511455535889,0.904144517575263,349672.4234254324
0.08419263362884521,4.2003493309021,0.9191729802098415,350379.28707214154
0.04994521662592888,4.2003493309021,0.9298671607029109,351227.1951925474
0.0,4.187722206115723,0.9298671607029109,351257.2043986388
0.0,4.186427116394043,0.9298671607029109,351287.2039072298
0.00047672371147200465,4.186264991760254,0.9298671846248814,351287.4026198197
-0.5496563911437988,4.07698917388916,0.9298656251837556,351287.4138548148
-0.549837589263916,4.038944721221924,0.9256980826983223,351317.42902395665
-0.5500187873840332,4.024212837219238,0.9215291619539067,351347.4442280307
-0.549837589263916,4.014337539672852,0.9173616381330919,351377.4592627476
-0.549837589263916,4.006728649139404,0.9131940831521356,351407.4745218838
-0.5500187873840332,4.000415325164795,0.9090251726447034,351437.4896522541
-0.5496563911437988,3.995072603225708,0.9048590082070043,351467.5047879627
-0.5496563911437988,3.990054130554199,0.9006928604302916,351497.51980363723
-0.5496563911437988,3.9853591918945312,0.8965266883136663,351527.5349946687
-0.549837589263916,3.9808263778686523,0.8923591387327616,351557.55021491303
-0.549837589263916,3.9762935638427734,0.8881916184760323,351587.56522396096
-0.5496563911437988,3.9722461700439453,0.8840254450687961,351617.5804242906
-0.5496563911437988,3.9680371284484863,0.8798592844138714,351647.5955327462
-0.5494751930236816,3.964151620864868,0.8756944929714015,351677.6106714123
-0.549837589263916,3.959780693054199,0.8715269406184482,351707.6259116213
-0.5496563911437988,3.956057071685791,0.8673607891278617,351737.64095405245
-0.5494751930236816,3.951848030090332,0.8631959991487657,351767.6560821722
-0.5496563911437988,3.947962760925293,0.8590298362862402,351797.67120653245
-0.5496563911437988,3.944077253341675,0.8548636700736946,351827.68635502795
-0.5496563911437988,3.9401919841766357,0.8506975047920512,351857.70149681676
-0.549837589263916,3.9361445903778076,0.8465299491269527,351887.71676088026
-0.549837589263916,3.9324212074279785,0.8423624276453059,351917.7317787502
-0.5496563911437988,3.9285359382629395,0.8381962609777476,351947.74693052383
-0.5496563911437988,3.9248123168945312,0.8340300984874377,351977.7620522025
-0.549837589263916,3.921088933944702,0.8298625562330609,352007.77721968025
-0.5496563911437988,3.917203426361084,0.8256963921126217,352037.79235310317
-0.5496563911437988,3.913480043411255,0.8215302307195033,352067.8074668771
-0.5496563911437988,3.909756660461426,0.8173640662010995,352097.82260316715
-0.5496563911437988,3.9060330390930176,0.8131978732364796,352127.837944398
-0.5500187873840332,3.9024715423583984,0.809028986056718,352157.8529068148
-0.5494751930236816,3.8989100456237793,0.8048641966187436,352187.8680310347
-0.5496563911437988,3.895024538040161,0.8006980302357479,352217.8831807582
-0.549837589263916,3.891463041305542,0.7965304877308128,352247.89835004054
-0.5496563911437988,3.887739419937134,0.7923643289001238,352277.91344535345
-0.5496563911437988,3.8841779232025146,0.7881981469748809,352307.9287070511
-0.549837589263916,3.8804545402526855,0.7840306271426914,352337.94371304143
-0.549837589263916,3.8768928050994873,0.7798630666503134,352367.9590118716
-0.5496563911437988,3.873331308364868,0.7756969075065335,352397.97410944017
-0.5496563911437988,3.869931697845459,0.7715307585053232,352427.9891339366
-0.549837589263916,3.8663699626922607,0.7673632208325409,352458.00426841713
-0.5496563911437988,3.8628084659576416,0.7631970526587015,352488.0194310428
-0.5496563911437988,3.8592469692230225,0.7590308908731773,352518.0345476438
-0.549837589263916,3.855847120285034,0.7548633352846316,352548.04981115594
-0.5496563911437988,3.852285623550415,0.7506971822821894,352578.06486447924
-0.5500187873840332,3.848723888397217,0.7465282382657986,352608.0802361058
-0.5496563911437988,3.8453242778778076,0.7423621108556242,352638.09510504955
-0.549837589263916,3.8419246673583984,0.7381945554125385,352668.1103675141
-0.5496563911437988,3.83852481842041,0.734028407697762,352698.1253827424
-0.5496563911437988,3.835287094116211,0.7298622417795065,352728.14052911766
-0.5500187873840332,3.8318874835968018,0.7256933294870108,352758.15567233996
-0.5496563911437988,3.8284876346588135,0.7215271648037157,352788.17080981797
-0.5496563911437988,3.825411796569824,0.7173610015153845,352818.18593724596
-0.5496563911437988,3.822012186050415,0.7131948340184975,352848.2010949945
-0.5500187873840332,3.8186123371124268,0.7090259090516104,352878.2163294693
-0.5494751930236816,3.8156983852386475,0.7048607696908734,352908.23397553945
-0.5496563911437988,3.8124606609344482,0.7006949371337816,352938.2467202139
-0.5494751930236816,3.80922269821167,0.696530175488595,352968.26164413465
-0.5496563911437988,3.8059849739074707,0.6923640088982591,352998.27679535194
-0.549837589263916,3.8025853633880615,0.6881964753018004,353028.2919004743
-0.5496563911437988,3.799509286880493,0.6840303091435236,353058.3070485788
-0.549837589263916,3.796271562576294,0.6798627411715119,353088.32240127824
-0.549837589263916,3.7931957244873047,0.6756952309068869,353118.3373383618
-0.5496563911437988,3.7902815341949463,0.6715290672518989,353148.35246843135
-0.549837589263916,3.787205696105957,0.6673615115011877,353178.36773311143
-0.5496563911437988,3.7842917442321777,0.6631953604753575,353208.3827721942
-0.5494751930236816,3.7813777923583984,0.6590305700267882,353238.3979036974
-0.5496563911437988,3.77830171585083,0.6548643908309585,353268.41314573097
-0.5496563911437988,3.775387763977051,0.6506982419535883,353298.4281693352
-0.549837589263916,3.7723119258880615,0.6465307032960051,353328.4433109084
-0.5496563911437988,3.769397735595703,0.6423645406929803,353358.4584333991
-0.549837589263916,3.766483783721924,0.6381969842685689,353388.47370293125
-0.549837589263916,3.7634079456329346,0.6340294444125206,353418.48885313596
-0.5496563911437988,3.760655641555786,0.6298632983410913,353448.50385652477
-0.549837589263916,3.757741689682007,0.6256957445384114,353478.5191071749
-0.5496563911437988,3.7548277378082275,0.6215295803136192,353508.5342413496
-0.549837589263916,3.752237558364868,0.6173620586746803,353538.5492603524
-0.5496563911437988,3.7494852542877197,0.613195873982463,353568.5645419847
-0.5496563911437988,3.7465713024139404,0.6090297301255827,353598.5795294188
-0.5496563911437988,3.743657350540161,0.6048635446847495,353628.5948164445
-0.5496563911437988,3.7410669326782227,0.6006974005648864,353658.60980577325
-0.5496563911437988,3.7384767532348633,0.5965312340211603,353688.62495665473
-0.5496563911437988,3.735724687576294,0.5923650709867789,353718.64008225314
-0.5496563911437988,3.7331345081329346,0.5881989059681346,353748.6552221472
-0.5496563911437988,3.730382204055786,0.5840327407720758,353778.6703633194
-0.549837589263916,3.7277920246124268,0.5798651836294161,353808.6856380245
-0.5494751930236816,3.7253637313842773,0.5757004097758542,353838.70064992947
-0.5496563911437988,3.722611665725708,0.5715342475673115,353868.7157695781
-0.549837589263916,3.7203450202941895,0.5673667090224805,353898.7309103393
-0.5496563911437988,3.71791672706604,0.5632005424495394,353928.74606143124
-0.549837589263916,3.7151646614074707,0.5590330060615221,353958.76118665875
-0.5496563911437988,3.7128982543945312,0.5548668400688396,353988.77633357025
-0.5496563911437988,3.7104697227478027,0.5507006779117947,354018.7914528479
-0.549837589263916,3.7080414295196533,0.5465331087566252,354048.8068140686
-0.5496563911437988,3.705775022506714,0.5423669770488443,354078.82171397447
-0.549837589263916,3.7033467292785645,0.538199439431036,354108.8368480591
-0.5496563911437988,3.701241970062256,0.5340332748381892,354138.85198488546
-0.5496563911437988,3.6988136768341064,0.5298671054530537,354168.8671562379
-0.5496563911437988,3.696709156036377,0.5257009448043743,354198.8822646485
-0.549837589263916,3.6944427490234375,0.521533389610449,354228.89752531855
-0.549837589263916,3.692176103591919,0.5173658648131818,354258.912567068
-0.549837589263916,3.6900715827941895,0.5131983274584672,354288.9276992578
-0.5496563911437988,3.68796706199646,0.5090321638974015,354318.9428286507
-0.549837589263916,3.6858625411987305,0.5048646234636915,354348.9579830158
-0.5496563911437988,3.683758020401001,0.5006984618827202,354378.9730981431
-0.5496563911437988,3.6818151473999023,0.4965322947740618,354408.98825309466
-0.5496563911437988,3.679872512817383,0.4923661330706319,354439.00336910423
-0.5494751930236816,3.6777679920196533,0.48820133921682773,354469.0185251485
-0.549837589263916,3.675825357437134,0.484033795385368,354499.03370398463
-0.5496563911437988,3.6738827228546143,0.47986763718085257,354529.0487947863
-0.549837589263916,3.6719398498535156,0.4757000756605155,354559.06410101993
-0.5500187873840332,3.669997215270996,0.47153117035928976,354589.0791939068
-0.549837589263916,3.6682164669036865,0.4673636486173537,354619.0942136514
-0.549837589263916,3.666435718536377,0.4631961101720364,354649.1093536958
-0.549837589263916,3.6644930839538574,0.45902857180884854,354679.12449314876
-0.5496563911437988,3.6628739833831787,0.4548624096365014,354709.13961253664
-0.549837589263916,3.660931348800659,0.45069487145008325,354739.15475071647
-0.549837589263916,3.6589887142181396,0.4465273317756781,354769.16989961296
-0.5494751930236816,3.65753173828125,0.4423625403533918,354799.1850381336
-0.549837589263916,3.6555891036987305,0.438194639384291,354829.20278912026
-0.5496563911437988,3.6539700031280518,0.4340288061008497,354859.2155390277
-0.5496563911437988,3.652351140975952,0.4298626677006955,354889.2304871488
-0.549837589263916,3.6504085063934326,0.425695132742903,354919.24560207565
-0.5496563911437988,3.648789644241333,0.42152897124542354,354949.26071660145
-0.549837589263916,3.6470088958740234,0.41736143118058466,354979.2758683099
-0.5496563911437988,3.645390033721924,0.41319523103726324,355009.2912612597
-0.5496563911437988,3.643770933151245,0.40902910257234626,355039.30613780237
-0.5496563911437988,3.6423139572143555,0.40486293327765915,355069.32130850316
-0.549837589263916,3.640533208847046,0.40069539675741206,355099.336434683
-0.549837589263916,3.6390762329101562,0.3965278595537097,355129.3515657852
-0.549837589263916,3.6374573707580566,0.39236032245928426,355159.36669610033
-0.549837589263916,3.635838508605957,0.3881927685348164,355189.3819476276
-0.549837589263916,3.6345431804656982,0.38402518940077285,355219.3973807174
-0.5496563911437988,3.6329243183135986,0.37985907825154397,355249.41213250917
-0.5496563911437988,3.631467342376709,0.37569290576060266,355279.4273262374
-0.5496563911437988,3.6301722526550293,0.371526715854476,355309.4426454333
-0.5496563911437988,3.6287152767181396,0.36736058844430153,355339.4575143771
-0.549837589263916,3.62742018699646,0.36319302832567607,355369.47281051544
-0.5496563911437988,3.6259632110595703,0.35902688267237726,355399.4878108918
-0.549837589263916,3.6245059967041016,0.3548593454812102,355429.5029419037
-0.549837589263916,3.623372793197632,0.3506918075091512,355459.5180785397
-0.549837589263916,3.621915817260742,0.34652426804285785,355489.53322593734
-0.549837589263916,3.6206207275390625,0.34235672947643975,355519.54836685397
-0.549837589263916,3.619325637817383,0.33818917459570036,355549.5636252684
-0.549837589263916,3.618192434310913,0.3340216562821287,355579.57862032147
-0.5496563911437988,3.6168973445892334,0.32985548885968474,355609.5937775337
-0.5496563911437988,3.6156022548675537,0.3256893270839042,355639.6088940645
-0.549837589263916,3.614306926727295,0.3215217776150565,355669.6241135018
-0.549837589263916,3.613173723220825,0.31735425068881007,355699.63917058444
-0.5494751930236816,3.6120405197143555,0.3131894563022437,355729.6543304683
-0.5496563911437988,3.6109073162078857,0.30902327695403764,355759.66957359965
-0.549837589263916,3.609612226486206,0.30485575632286877,355789.68458534434
-0.549837589263916,3.6083171367645264,0.30068821709807403,355819.6997310027
-0.5500187873840332,3.6071839332580566,0.29651930481878863,355849.71487412986
-0.5494751930236816,3.606050729751587,0.2923545153147389,355879.729998826
-0.5496563911437988,3.604755401611328,0.28818835132649384,355909.7451312965
-0.549837589263916,3.6036221981048584,0.2840208107153111,355939.7602869398
-0.549837589263916,3.6023271083831787,0.27985324146618823,355969.77564883715
-0.5496563911437988,3.601355791091919,0.27568710537242896,355999.7905803418
-0.5494751930236816,3.6000607013702393,0.2715223178290344,356029.80569090776
-0.549837589263916,3.5989274978637695,0.2673547796224354,356059.8208292329
-0.5494751930236816,3.59763240814209,0.26318997796216964,356089.8360415374
-0.549837589263916,3.59633731842041,0.2590224548512462,356119.8510711416
-0.5496563911437988,3.5952038764953613,0.2548562861340223,356149.86623768206
-0.5496563911437988,3.5940706729888916,0.2506901249377975,356179.88135003747
-0.549837589263916,3.592613697052002,0.24652258997583476,356209.89646499435
-0.5496563911437988,3.5914804935455322,0.24235641768109226,356239.91165730904
-0.549837589263916,3.5900235176086426,0.23818888369209834,356269.9267652585
-0.549837589263916,3.588728427886963,0.23402134631858493,356299.94189758366
-0.549837589263916,3.587433338165283,0.22985380610341255,356329.9570503748
-0.5496563911437988,3.5859763622283936,0.22568763775631961,356359.9722142487
-0.5496563911437988,3.584519147872925,0.22152147796063346,356389.9873165139
-0.5496563911437988,3.583224058151245,0.21735531447889078,356420.0024453353
-0.549837589263916,3.5816051959991455,0.21318777293092223,356450.01760772546
-0.549837589263916,3.580148220062256,0.20902023801628763,356480.0327223415
-0.5496563911437988,3.578691244125366,0.2048540545611073,356510.04799506156
-0.5500187873840332,3.5770723819732666,0.20068516125893562,356540.0630015582
-0.5496563911437988,3.575453281402588,0.1965189911119662,356570.07817839924
-0.5496563911437988,3.5738344192504883,0.19235281947400185,356600.0933659822
-0.5496563911437988,3.5718917846679688,0.18818666786652347,356630.10840925545
-0.5494751930236816,3.570272922515869,0.18402187623350036,356660.12354929483
-0.5496563911437988,3.5683302879333496,0.17985571008774665,356690.1386973091
-0.5496563911437988,3.566225528717041,0.1756895465301712,356720.1538266769
-0.549837589263916,3.5644447803497314,0.1715216473183984,356750.17156500707
-0.5500187873840332,3.562178373336792,0.1673530584283492,356780.1843798113
-0.549837589263916,3.5600738525390625,0.1631855544880345,356810.1992713463
-0.5496563911437988,3.557969331741333,0.1590193919538941,356840.21439334075
-0.549837589263916,3.5555408000946045,0.15485185621035238,356870.22951392666
-0.549837589263916,3.553112506866455,0.1506843185807201,356900.24464809644
-0.5496563911437988,3.5506842136383057,0.14651812351703752,356930.26000445
-0.549837589263916,3.5480940341949463,0.14235061266430885,356960.2749457691
-0.549837589263916,3.5456655025482178,0.1381830707648779,356990.2901106905
-0.5496563911437988,3.5427515506744385,0.13401689521126625,357020.30532648374
-0.5496563911437988,3.540161371231079,0.1298507283238446,357050.3204798414
-0.5494751930236816,3.5374093055725098,0.12568595681486322,357080.3354748493
-0.549837589263916,3.5346570014953613,0.12151841829577342,357110.35061542504
-0.549837589263916,3.531743049621582,0.11735087959434533,357140.365757314
-0.5500187873840332,3.5288290977478027,0.11318197185431306,357170.3808677597
-0.5500187873840332,3.5259149074554443,0.10901305976231723,357200.39600953844
-0.5496563911437988,3.523162841796875,0.10484687995353191,357230.41125598806
-0.549837589263916,3.5200870037078857,0.10067934224316842,357260.4263907393
-0.549837589263916,3.5170109272003174,0.09651179657572652,357290.4415827984
-0.5500187873840332,3.513773202896118,0.09234288388708987,357320.4567288728
-0.549837589263916,3.510373592376709,0.08817536482187516,357350.4717293393
-0.549837589263916,3.5068118572235107,0.08400782413899682,357380.4868854989
-0.5496563911437988,3.5029265880584717,0.07984165785479537,357410.50203451066
-0.5496563911437988,3.4987175464630127,0.0756754971031447,357440.51714366314
-0.5494751930236816,3.4940226078033447,0.07151068952473778,357470.53239861893
-0.5496563911437988,3.489004135131836,0.06734452075255813,357500.5475655553
-0.549837589263916,3.4831759929656982,0.06317699779335817,357530.5625940668
-0.5496563911437988,3.4767003059387207,0.059010838835346684,357560.577690297
-0.5496563911437988,3.4695773124694824,0.05484467387792745,357590.5928297499
-0.5496563911437988,3.4613208770751953,0.0506785077530427,357620.60797761386
-0.5496563911437988,3.4517693519592285,0.046512343018258004,357650.62311546283
-0.5494751930236816,3.441246509552002,0.04234755456442746,357680.63823259016
-0.5494751930236816,3.428618907928467,0.038182766991124995,357710.65334337164
-0.5496563911437988,3.4138870239257812,0.03401658487942685,357740.6686064126
-0.5496563911437988,3.396726608276367,0.029850428376704666,357770.68368495366
-0.5496563911437988,3.376328468322754,0.025684265277607917,357800.6988110183
-0.5496563911437988,3.3522069454193115,0.021518099780294498,357830.7139543609
-0.5496563911437988,3.323390483856201,0.01735193546365643,357860.72908919735
-0.5496563911437988,3.288583993911743,0.013185738435884562,357890.7444597012
-0.5496563911437988,3.2471401691436768,0.009019606247342033,357920.7593630707
-0.5496563911437988,3.1963067054748535,0.004853440700623283,357950.77450676926
-0.5494751930236816,3.133331298828125,0.000688644208029549,357980.78968183097
-0.5496563911437988,3.052062511444092,0.0,358010.8047803569
-0.549837589263916,2.951852321624756,0.0,358035.8512427628
-0.5494751930236816,2.851804256439209,0.0,358052.6166032397
-0.549837589263916,2.751756191253662,0.0,358065.5070004959
-0.5494751930236816,2.699951410293579,0.0,358071.522659464
0.0,3.1914498805999756,0.0,358131.5335005905
0.0006579270120710135,3.1912879943847656,0.0,358131.718486729
0.00446319580078125,3.198896884918213,0.0,358136.5463458946
